type;frtags;stdfrtags;fradjs;stdfradjs
p;Classe I squelettique,classe 1 squelettique,classe i squelettique;classe i squelettique,classe 1 squelettique,classe i squelettique;idéal|idéale|idéaux|idéales|parfait|parfaite|parfaits|parfaites|harmonieux|harmonieuse|harmonieuses;ideal|ideale|ideaux|ideales|parfait|parfaite|parfaits|parfaites|harmonieux|harmonieuse|harmonieuses
p;Classe II squelettique,classe 2 squelettique,classe ii squelettique;classe ii squelettique,classe 2 squelettique,classe ii squelettique;division 1|div 1|div1,division 2|div 2|div2;division 1|div 1|div1,division 2|div 2|div2
p;Classe III squelettique,classe 3 squelettique,classe iii squelettique;classe iii squelettique,classe 3 squelettique,classe iii squelettique;;
v;classe I d'Angle,Neutrocclusion,Neutrocclusionne,Neutrocclusions,Neutrocclusionnes,Occlusion normale,Occlusions normales,Relation molaire de Classe I,Normocclusion,Normocclusionne,Normocclusions,Normocclusionnes,Classe 1 Dentaire,relation molaire neutre,relations molaires neutres,classe 1,classe I,classe dentaire;classe i d'angle,neutrocclusion,neutrocclusionne,neutrocclusions,neutrocclusionnes,occlusion normale,occlusions normales,relation molaire de classe i,normocclusion,normocclusionne,normocclusions,normocclusionnes,classe 1 dentaire,relation molaire neutre,relations molaires neutres,classe 1,classe i,classe dentaire;avec diastèmes|avecs diastèmes|avec espaces|avecs espaces|espacé|espacée|espacés|espacées,avec encombrement|avecs encombrements|encombré|encombrée|encombrés|encombrées;avec diastemes|avecs diastemes|avec espaces|avecs espaces|espace|espacee|espaces|espacees,avec encombrement|avecs encombrements|encombre|encombree|encombres|encombrees
v;classe II d'Angle,Distocclusion,Distocclusionne,Distocclusions,Distocclusionnes,Rétrognathie dentaire,Rétrognathies dentaires,Surplomb horizontal augmenté,Surplombs horizontaux augmentés,Overjet augmenté,Classe 2 Dentaire,surplomb horizontal accru,surplombs horizontaux accrus,distocclusion dentaire,distocclusions dentaires,classe 2,classe II,disto-occlusion,disto-occlusionne,disto-occlusions,disto-occlusionnes,rétrusion dentaire,rétrusions dentaires;classe ii d'angle,distocclusion,distocclusionne,distocclusions,distocclusionnes,retrognathie dentaire,retrognathies dentaires,surplomb horizontal augmente,surplombs horizontaux augmentes,overjet augmente,classe 2 dentaire,surplomb horizontal accru,surplombs horizontaux accrus,distocclusion dentaire,distocclusions dentaires,classe 2,classe ii,disto occlusion,disto occlusionne,disto occlusions,disto occlusionnes,retrusion dentaire,retrusions dentaires;sévère|sévères|grave|graves|marqué|marquée|marqués|marquées|important|importante|importants|importantes,modéré|modérée|modérés|modérées|léger|légère|légers|légères,division 1|div 1|div1,division 2|div 2|div2,subdivision|unilatéral|unilatérale|unilatéraux|unilatérales|asymétrique|asymétriques;severe|severes|grave|graves|marque|marquee|marques|marquees|important|importante|importants|importantes,modere|moderee|moderes|moderees|leger|legere|legers|legeres,division 1|div 1|div1,division 2|div 2|div2,subdivision|unilateral|unilaterale|unilateraux|unilaterales|asymetrique|asymetriques
v;classe III d'Angle,Mésiocclusion,Mésiocclusionne,Mésiocclusions,Mésiocclusionnes,Prognathie dentaire,Prognathies dentaires,Occlusion inversée,Occlusions inversées,Classe 3 Dentaire,sous-occlusion dentaire,sous-occlusions dentaires,mésiocclusion dentaire,mésiocclusions dentaires,classe 3,classe III,mésio-occlusion,mésio-occlusionne,mésio-occlusions,mésio-occlusionnes,protrusion,protrusionne,protrusions,protrusionnes;classe iii d'angle,mesiocclusion,mesiocclusionne,mesiocclusions,mesiocclusionnes,prognathie dentaire,prognathies dentaires,occlusion inversee,occlusions inversees,classe 3 dentaire,sous occlusion dentaire,sous occlusions dentaires,mesiocclusion dentaire,mesiocclusions dentaires,classe 3,classe iii,mesio occlusion,mesio occlusionne,mesio occlusions,mesio occlusionnes,protrusion,protrusionne,protrusions,protrusionnes;sévère|sévères|grave|graves|marqué|marquée|marqués|marquées|important|importante|importants|importantes,modéré|modérée|modérés|modérées|léger|légère|légers|légères,subdivision|unilatéral|unilatérale|unilatéraux|unilatérales|asymétrique|asymétriques;severe|severes|grave|graves|marque|marquee|marques|marquees|important|importante|importants|importantes,modere|moderee|moderes|moderees|leger|legere|legers|legeres,subdivision|unilateral|unilaterale|unilateraux|unilaterales|asymetrique|asymetriques
p;rétrognathie mandibulaire,Rétromandibulisme,Rétromandibulismes,rétromandibulaire,rétromandibulaires,mandibule en arrière,mandibules ens arrières,mandibule reculée,mandibules reculées,mandibule en retrait,mandibules ens retraits;retrognathie mandibulaire,retromandibulisme,retromandibulismes,retromandibulaire,retromandibulaires,mandibule en arriere,mandibules ens arrieres,mandibule reculee,mandibules reculees,mandibule en retrait,mandibules ens retraits;sévère|sévères|grave|graves|marqué|marquée|marqués|marquées|important|importante|importants|importantes|majeur|majeuse|majeurs|majeuses|complexe|complexes,modéré|modérée|modérés|modérées|léger|légère|légers|légères|bénin|bénigne|bénins|bénignes;severe|severes|grave|graves|marque|marquee|marques|marquees|important|importante|importants|importantes|majeur|majeuse|majeurs|majeuses|complexe|complexes,modere|moderee|moderes|moderees|leger|legere|legers|legeres|benin|benigne|benins|benignes
p;rétrognathie maxillaire,rétromaxillaire,rétromaxillaires,maxillaire en arrière,maxillaires ens arrières,maxillaire reculé,maxillaires reculés,maxillaire en retrait,maxillaires ens retraits;retrognathie maxillaire,retromaxillaire,retromaxillaires,maxillaire en arriere,maxillaires ens arrieres,maxillaire recule,maxillaires recules,maxillaire en retrait,maxillaires ens retraits;sévère|sévères|grave|graves|marqué|marquée|marqués|marquées|important|importante|importants|importantes|majeur|majeuse|majeurs|majeuses|complexe|complexes,modéré|modérée|modérés|modérées|léger|légère|légers|légères|bénin|bénigne|bénins|bénignes;severe|severes|grave|graves|marque|marquee|marques|marquees|important|importante|importants|importantes|majeur|majeuse|majeurs|majeuses|complexe|complexes,modere|moderee|moderes|moderees|leger|legere|legers|legeres|benin|benigne|benins|benignes
p;Prognathisme mandibulaire,prognathie mandibulaire,prognathies mandibulaires,mandibule en avant,mandibules ens avants,mandibule avancée,mandibules avancées,mandibule proéminente,mandibules proéminentes;prognathisme mandibulaire,prognathie mandibulaire,prognathies mandibulaires,mandibule en avant,mandibules ens avants,mandibule avancee,mandibules avancees,mandibule proeminente,mandibules proeminentes;sévère|sévères|grave|graves|marqué|marquée|marqués|marquées|important|importante|importants|importantes|majeur|majeuse|majeurs|majeuses|complexe|complexes,modéré|modérée|modérés|modérées|léger|légère|légers|légères|bénin|bénigne|bénins|bénignes;severe|severes|grave|graves|marque|marquee|marques|marquees|important|importante|importants|importantes|majeur|majeuse|majeurs|majeuses|complexe|complexes,modere|moderee|moderes|moderees|leger|legere|legers|legeres|benin|benigne|benins|benignes
p;Prognathisme maxillaire,prognathie maxillaire,prognathies maxillaires,maxillaire en avant,maxillaires ens avants,maxillaire avancé,maxillaires avancés,maxillaire proéminent,maxillaires proéminents;prognathisme maxillaire,prognathie maxillaire,prognathies maxillaires,maxillaire en avant,maxillaires ens avants,maxillaire avance,maxillaires avances,maxillaire proeminent,maxillaires proeminents;sévère|sévères|grave|graves|marqué|marquée|marqués|marquées|important|importante|importants|importantes|majeur|majeuse|majeurs|majeuses|complexe|complexes,modéré|modérée|modérés|modérées|léger|légère|légers|légères|bénin|bénigne|bénins|bénignes;severe|severes|grave|graves|marque|marquee|marques|marquees|important|importante|importants|importantes|majeur|majeuse|majeurs|majeuses|complexe|complexes,modere|moderee|moderes|moderees|leger|legere|legers|legeres|benin|benigne|benins|benignes
p;béance,beance,beances,béance dentaire,béances dentaires,espace entre les dents,espaces entres les dents,espace interdentaire,espaces interdentaires,morsure béante,morsures béantes,morsure ouverte,morsures ouvertes,open bite,openbite,écartement,écartemente,écartements,écartementes,écart,écarte,écarts,écartes;beance,beance,beances,beance dentaire,beances dentaires,espace entre les dents,espaces entres les dents,espace interdentaire,espaces interdentaires,morsure beante,morsures beantes,morsure ouverte,morsures ouvertes,open bite,openbite,ecartement,ecartemente,ecartements,ecartementes,ecart,ecarte,ecarts,ecartes;antérieur|antérieuse|antérieurs|antérieuses|frontal|frontale|frontaux|frontales|avant|avante|avants|avantes,postérieur|postérieuse|postérieurs|postérieuses|arrière|arrières,latéral|latérale|latéraux|latérales,gauche|gauches,droit|droite|droits|droites,sévère|sévères|grave|graves|marqué|marquée|marqués|marquées|important|importante|importants|importantes|majeur|majeuse|majeurs|majeuses|complexe|complexes,modéré|modérée|modérés|modérées|léger|légère|légers|légères|bénin|bénigne|bénins|bénignes;anterieur|anterieuse|anterieurs|anterieuses|frontal|frontale|frontaux|frontales|avant|avante|avants|avantes,posterieur|posterieuse|posterieurs|posterieuses|arriere|arrieres,lateral|laterale|lateraux|laterales,gauche|gauches,droit|droite|droits|droites,severe|severes|grave|graves|marque|marquee|marques|marquees|important|importante|importants|importantes|majeur|majeuse|majeurs|majeuses|complexe|complexes,modere|moderee|moderes|moderees|leger|legere|legers|legeres|benin|benigne|benins|benignes
p;Bruxisme,bruxomanie,bruxomanies,clenching,grincement,grincemente,grincements,grincementes,grinding,serrement,serremente,serrements,serrementes,usure dentaire,usures dentaires,grince des dents,grinces des dents,grincent des dents,grincents des dents,dents qui grincent,dents quis grincents;bruxisme,bruxomanie,bruxomanies,clenching,grincement,grincemente,grincements,grincementes,grinding,serrement,serremente,serrements,serrementes,usure dentaire,usures dentaires,grince des dents,grinces des dents,grincent des dents,grincents des dents,dents qui grincent,dents quis grincents;nocturne|nocturnes,diurne|diurnes,sévère|sévères|grave|graves|marqué|marquée|marqués|marquées|important|importante|importants|importantes,modéré|modérée|modérés|modérées|léger|légère|légers|légères|bénin|bénigne|bénins|bénignes;nocturne|nocturnes,diurne|diurnes,severe|severes|grave|graves|marque|marquee|marques|marquees|important|importante|importants|importantes,modere|moderee|moderes|moderees|leger|legere|legers|legeres|benin|benigne|benins|benignes
p;avulsion,arrachage dentaire,arrachages dentaires,dédentation,dédentationne,dédentations,dédentationnes,exodontie,exodonties,extraction,extractionne,extractions,extractionnes,extraction dentaire,extractions dentaires;avulsion,arrachage dentaire,arrachages dentaires,dedentation,dedentationne,dedentations,dedentationnes,exodontie,exodonties,extraction,extractionne,extractions,extractionnes,extraction dentaire,extractions dentaires;immédiat|immédiate|immédiats|immédiates,différé|différée|différés|différées,programmé|programmée|programmés|programmées;immediat|immediate|immediats|immediates,differe|differee|differes|differees,programme|programmee|programmes|programmees
t;activateur,appareil fonctionnel,appareils fonctionnels,functional appliance,functionaux appliances,appareil amovible fonctionnel,appareils amovibles fonctionnels,appareil d'activation,appareils d'activations,activateur orthodontique,activateurs orthodontiques,monobloc,monobloque,monoblocs,monobloques,activateur de classe II;activateur,appareil fonctionnel,appareils fonctionnels,functional appliance,functionaux appliances,appareil amovible fonctionnel,appareils amovibles fonctionnels,appareil d'activation,appareils d'activations,activateur orthodontique,activateurs orthodontiques,monobloc,monobloque,monoblocs,monobloques,activateur de classe ii;;
t;arc,fil orthodontique,fils orthodontiques,fil,fille,fils,filles,wire,archwire,fil métallique,fils métalliques,fil rond,fils ronds,fil rectangulaire,fils rectangulaires,fil d'arc,fils d'arcs,arc orthodontique,arcs orthodontiques;arc,fil orthodontique,fils orthodontiques,fil,fille,fils,filles,wire,archwire,fil metallique,fils metalliques,fil rond,fils ronds,fil rectangulaire,fils rectangulaires,fil d'arc,fils d'arcs,arc orthodontique,arcs orthodontiques;;
t;bagues,brackets,bracketsse,bracketsses,attaches,attachesse,attachesses,broches,brochesse,brochesses,braces,bracesse,bracesses,bracket,brackète,brackètes,appareil orthodontique,appareils orthodontiques,appareil dentaire,appareils dentaires,appareil multi-attaches,appareils multi-attaches,attaches orthodontiques,boîtiers orthodontiques;bagues,brackets,bracketsse,bracketsses,attaches,attachesse,attachesses,broches,brochesse,brochesses,braces,bracesse,bracesses,bracket,brackete,bracketes,appareil orthodontique,appareils orthodontiques,appareil dentaire,appareils dentaires,appareil multi attaches,appareils multi attaches,attaches orthodontiques,boitiers orthodontiques;;
t;bielles,bielle,bielles,Forsus,Forsusse,Forsusses,PowerScope,système de bielles,systèmes des bielles;bielles,bielle,bielles,forsus,forsusse,forsusses,powerscope,systeme de bielles,systemes des bielles;;
t;céramique,ceramic,ceramique,ceramics,ceramiques,esthétique,esthétiques,transparent,transparente,transparents,transparentes,brackets céramiques,attaches céramiques;ceramique,ceramic,ceramique,ceramics,ceramiques,esthetique,esthetiques,transparent,transparente,transparents,transparentes,brackets ceramiques,attaches ceramiques;;
t;contention,appareil de contention,appareils des contentions,fil de contention,fils des contentions,hawley,maintenance,maintenances,maintien,maintienne,maintiens,maintiennes,plaque de contention,plaques des contentions,retention,retentionne,retentions,retentionnes,stabilisation,stabilisationne,stabilisations,stabilisationnes;contention,appareil de contention,appareils des contentions,fil de contention,fils des contentions,hawley,maintenance,maintenances,maintien,maintienne,maintiens,maintiennes,plaque de contention,plaques des contentions,retention,retentionne,retentions,retentionnes,stabilisation,stabilisationne,stabilisations,stabilisationnes;fixe|fixes|collé|collée|collés|collées,amovible|amovibles;fixe|fixes|colle|collee|colles|collees,amovible|amovibles
t;disjoncteur,expansion,expansionne,expansions,expansionnes,disjonction,disjonctionne,disjonctions,disjonctionnes,disjoncteur palatin,disjoncteurs palatins,quad helix,quads helix,appareil d'expansion,appareils d'expansions,appareil d'expansion palatine,appareils d'expansions palatines,ERP,ERPe,ERPs,ERPes,expansion rapide du palais,expansions rapides dus palais;disjoncteur,expansion,expansionne,expansions,expansionnes,disjonction,disjonctionne,disjonctions,disjonctionnes,disjoncteur palatin,disjoncteurs palatins,quad helix,quads helix,appareil d'expansion,appareils d'expansions,appareil d'expansion palatine,appareils d'expansions palatines,erp,erpe,erps,erpes,expansion rapide du palais,expansions rapides dus palais;;
t;écarteur,séparateur,séparatrice,séparateurs,séparatrices,separator,separatore,separators,separatores,élastique séparateur,élastiques séparateurs,anneau séparateur,anneaux séparateurs;ecarteur,separateur,separatrice,separateurs,separatrices,separator,separatore,separators,separatores,elastique separateur,elastiques separateurs,anneau separateur,anneaux separateurs;;
t;élastiques intermaxillaires,élastiques de classe,élastiques classe II,élastiques classe III,rubber bands,rubbers bands,IMU,IMUe,IMUs,IMUes;elastiques intermaxillaires,elastiques de classe,elastiques classe ii,elastiques classe iii,rubber bands,rubbers bands,imu,imue,imus,imues;;
t;gouttière,invisalign,invisaligne,invisaligns,invisalignes,aligneur,aligneuse,aligneurs,aligneuses,aligneur invisible,aligneurs invisibles,appareil amovible transparent,appareils amovibles transparents,clear aligner,clears aligners,gouttière orthodontique,gouttières orthodontiques,gouttière transparente,gouttières transparentes,plaque,plaques;gouttiere,invisalign,invisaligne,invisaligns,invisalignes,aligneur,aligneuse,aligneurs,aligneuses,aligneur invisible,aligneurs invisibles,appareil amovible transparent,appareils amovibles transparents,clear aligner,clears aligners,gouttiere orthodontique,gouttieres orthodontiques,gouttiere transparente,gouttieres transparentes,plaque,plaques;;
t;Herbst,appareil de Herbst,appareils des Herbsts,correction classe II,bielle de Herbst,bielles des Herbsts,vérin de Herbst,vérins des Herbsts;herbst,appareil de herbst,appareils des herbsts,correction classe ii,bielle de herbst,bielles des herbsts,verin de herbst,verins des herbsts;;
t;ligature,élastique,élastiques,tie,ties,attache,attaches,ligatures métalliques,ligatures élastiques,ligature colorée,ligatures colorées;ligature,elastique,elastiques,tie,ties,attache,attaches,ligatures metalliques,ligatures elastiques,ligature coloree,ligatures colorees;;
t;mainteneur d'espace,space maintainer,spaces maintainers,bague et anse,bagues ets anses,appareil mainteneur d'espace,appareils mainteneurs d'espaces;mainteneur d'espace,space maintainer,spaces maintainers,bague et anse,bagues ets anses,appareil mainteneur d'espace,appareils mainteneurs d'espaces;;
t;minivis,mini-vis,mini-visse,mini-visses,mini implant,minis implants,ancrage osseux,ancrages osseux,TADs,TADsse,TADsses,ancrage squelettique,ancrages squelettiques,vis d'ancrage,vis d'ancrages,implant orthodontique temporaire,implants orthodontiques temporaires;minivis,mini vis,mini visse,mini visses,mini implant,minis implants,ancrage osseux,ancrages osseux,tads,tadsse,tadsses,ancrage squelettique,ancrages squelettiques,vis d'ancrage,vis d'ancrages,implant orthodontique temporaire,implants orthodontiques temporaires;;
t;pendulum,distalisation molaire,distalisations molaires,appareil pendulum,appareils pendulums;pendulum,distalisation molaire,distalisations molaires,appareil pendulum,appareils pendulums;;
t;plaque amovible,appareil amovible,appareils amovibles,removable appliance,removables appliances,plaque orthodontique,plaques orthodontiques;plaque amovible,appareil amovible,appareils amovibles,removable appliance,removables appliances,plaque orthodontique,plaques orthodontiques;;
t;Propulsor,CI II Propulseur,CIs IIs Propulseurs,CI 2 Propulseur,Classe II Propulseur,Classe 2 Propulseur,propulseur classe II;propulsor,ci ii propulseur,cis iis propulseurs,ci 2 propulseur,classe ii propulseur,classe 2 propulseur,propulseur classe ii;;
t;quad helix,4 helix,quadri-hélix,quadri-hélisse,quadri-hélisses,expansion lente,expansions lentes;quad helix,4 helix,quadri helix,quadri helisse,quadri helisses,expansion lente,expansions lentes;;
p;agénésie,agenesie,agenesies,dent manquante,dents manquantes,absence de dent,absences des dents,hypodontie,hypodonties,oligodontie,oligodonties,anodontie,anodonties,dent absente,dents absentes;agenesie,agenesie,agenesies,dent manquante,dents manquantes,absence de dent,absences des dents,hypodontie,hypodonties,oligodontie,oligodonties,anodontie,anodonties,dent absente,dents absentes;;
p;ankylose,dent ankylosée,dents ankylosées,fusion osseuse,fusions osseuses,ankilose,ankiloses;ankylose,dent ankylosee,dents ankylosees,fusion osseuse,fusions osseuses,ankilose,ankiloses;;
p;caries dentaires,carie,caries,cavité,cavitée,cavités,cavitées,tooth decay,tooths decays,dental caries,dentaux caries,lésion carieuse,lésions carieuses;caries dentaires,carie,caries,cavite,cavitee,cavites,cavitees,tooth decay,tooths decays,dental caries,dentaux caries,lesion carieuse,lesions carieuses;;
p;crowding,encombrement,encombremente,encombrements,encombrementes,chevauchement,chevauchemente,chevauchements,chevauchementes,manque de place,manques des places,dents qui se chevauchent,dents quis ses chevauchents,entassement dentaire,entassements dentaires,crowding dentaire;crowding,encombrement,encombremente,encombrements,encombrementes,chevauchement,chevauchemente,chevauchements,chevauchementes,manque de place,manques des places,dents qui se chevauchent,dents quis ses chevauchents,entassement dentaire,entassements dentaires,crowding dentaire;;
p;dent surnuméraire,dent en trop,dents ens trops,dent supplémentaire,dents supplémentaires,hyperdontie,hyperdonties,mésiodens,mésiodensse,mésiodensses,supernuméraire,supernuméraires;dent surnumeraire,dent en trop,dents ens trops,dent supplementaire,dents supplementaires,hyperdontie,hyperdonties,mesiodens,mesiodensse,mesiodensses,supernumeraire,supernumeraires;;
p;diastème,diasteme,diastemes,espace,espaces,gap,gape,gaps,gapes,space,spaces,espacement,espacemente,espacements,espacementes,diastème central,diastèmes centraux,dents écartées,écartement dentaire,écartements dentaires,espace interdentaire,espaces interdentaires,dents du bonheur,dents dus bonheurs;diasteme,diasteme,diastemes,espace,espaces,gap,gape,gaps,gapes,space,spaces,espacement,espacemente,espacements,espacementes,diasteme central,diastemes centraux,dents ecartees,ecartement dentaire,ecartements dentaires,espace interdentaire,espaces interdentaires,dents du bonheur,dents dus bonheurs;;
p;diastemata,diastèmes,diastèmesse,diastèmesses,espaces multiples,dents espacées,espacement généralisé,espacements généralisés,espaces interdentaires;diastemata,diastemes,diastemesse,diastemesses,espaces multiples,dents espacees,espacement generalise,espacements generalises,espaces interdentaires;;
p;dysplasie,dysmorphie,dysmorphies,anomalie de développement,anomalies des développements,malformation,malformationne,malformations,malformationnes,anomalie congénitale,anomalies congénitales;dysplasie,dysmorphie,dysmorphies,anomalie de developpement,anomalies des developpements,malformation,malformationne,malformations,malformationnes,anomalie congenitale,anomalies congenitales;;
p;ectopie,dent en dehors de l'arcade,dents ens dehors des l'arcades,dent mal placée,dents maux placées,ectopic tooth,ectopics tooths,mal placée,maux placées,position ectopique,positions ectopiques;ectopie,dent en dehors de l'arcade,dents ens dehors des l'arcades,dent mal placee,dents maux placees,ectopic tooth,ectopics tooths,mal placee,maux placees,position ectopique,positions ectopiques;;
p;édentation,edentation,edentationne,edentations,edentationnes,absence de dents,absences des dents,édentement,édentemente,édentements,édentementes,perte de dents,pertes des dents,édenté,édentée,édentés,édentées;edentation,edentation,edentationne,edentations,edentationnes,absence de dents,absences des dents,edentement,edentemente,edentements,edentementes,perte de dents,pertes des dents,edente,edentee,edentes,edentees;;
p;gingivite,inflammation gingivale,inflammations gingivales,gencives rouges,gingivitis,gingivitisse,gingivitisses,inflammation des gencives,inflammations des gencives;gingivite,inflammation gingivale,inflammations gingivales,gencives rouges,gingivitis,gingivitisse,gingivitisses,inflammation des gencives,inflammations des gencives;;
p;inclusion,dent incluse,dents incluses,dent qui ne sort pas,dents quis nes sorts pas,impaction,impactionne,impactions,impactionnes,impacted tooth,impacteds tooths,dent retenue,dents retenues,dent bloquée,dents bloquées,dent qui ne pousse pas,dents quis nes pousses pas;inclusion,dent incluse,dents incluses,dent qui ne sort pas,dents quis nes sorts pas,impaction,impactionne,impactions,impactionnes,impacted tooth,impacteds tooths,dent retenue,dents retenues,dent bloquee,dents bloquees,dent qui ne pousse pas,dents quis nes pousses pas;;
p;macrodontie,dents trop grandes,dents trops grandes,surdimensionnement dentaire,surdimensionnements dentaires,mégalodontie,mégalodonties;macrodontie,dents trop grandes,dents trops grandes,surdimensionnement dentaire,surdimensionnements dentaires,megalodontie,megalodonties;;
p;maladie parodontale,parodontite,parodontites,déchaussement,déchaussemente,déchaussements,déchaussementes,maladie des gencives,maladies des gencives,parodontopathie,parodontopathies,periodontal disease,periodontaux diseases;maladie parodontale,parodontite,parodontites,dechaussement,dechaussemente,dechaussements,dechaussementes,maladie des gencives,maladies des gencives,parodontopathie,parodontopathies,periodontal disease,periodontaux diseases;;
p;malocclusion,malocclusion dentaire,malocclusions dentaires,maloclusion,maloclusionne,maloclusions,maloclusionnes,mauvaise occlusion,mauvaises occlusions,mauvais engrènement,mauvais engrènements,problème d'occlusion,problèmes d'occlusions;malocclusion,malocclusion dentaire,malocclusions dentaires,maloclusion,maloclusionne,maloclusions,maloclusionnes,mauvaise occlusion,mauvaises occlusions,mauvais engrenement,mauvais engrenements,probleme d'occlusion,problemes d'occlusions;droit|droite|droits|droites,gauche|gauches;droit|droite|droits|droites,gauche|gauches
p;malposition dentaire,malposition,malpositionne,malpositions,malpositionnes,ectopie dentaire,ectopies dentaires,dent mal positionnée,dents maux positionnées;malposition dentaire,malposition,malpositionne,malpositions,malpositionnes,ectopie dentaire,ectopies dentaires,dent mal positionnee,dents maux positionnees;mandibulaire|mandibulaires|inférieur|inférieuse|inférieurs|inférieuses,maxillaire|maxillaires|supérieur|supérieuse|supérieurs|supérieuses;mandibulaire|mandibulaires|inferieur|inferieuse|inferieurs|inferieuses,maxillaire|maxillaires|superieur|superieuse|superieurs|superieuses
p;microdontie,dents trop petites,dents trops petites,nanisme dentaire,nanismes dentaires,sous-dimensionnement dentaire,sous-dimensionnements dentaires;microdontie,dents trop petites,dents trops petites,nanisme dentaire,nanismes dentaires,sous dimensionnement dentaire,sous dimensionnements dentaires;;
p;nécrose pulpaire,mort pulpaire,morts pulpaires,nécrose de la pulpe,nécroses des las pulpes,pulpe nécrosée,pulpes nécrosées,dévitalisation nécessaire,dévitalisations nécessaires;necrose pulpaire,mort pulpaire,morts pulpaires,necrose de la pulpe,necroses des las pulpes,pulpe necrosee,pulpes necrosees,devitalisation necessaire,devitalisations necessaires;;
p;récession gingivale,gingival recession,gingivaux recessions,receding gums,recedings gums,récession parodontale,récessions parodontales,rétraction gingivale,rétractions gingivales;recession gingivale,gingival recession,gingivaux recessions,receding gums,recedings gums,recession parodontale,recessions parodontales,retraction gingivale,retractions gingivales;;
p;récidive,recidive,rechute,rechutes,relapse,relapses,retour,retoure,retours,retoures,récidive orthodontique;recidive,recidive,rechute,rechutes,relapse,relapses,retour,retoure,retours,retoures,recidive orthodontique;;
p;résorption radiculaire,résorption de la racine,résorptions des las racines,racine qui se résorbe,racines quis ses résorbes,rhizalyse,rhizalyses,résorption apicale,résorptions apicales,raccourcissement radiculaire,raccourcissements radiculaires;resorption radiculaire,resorption de la racine,resorptions des las racines,racine qui se resorbe,racines quis ses resorbes,rhizalyse,rhizalyses,resorption apicale,resorptions apicales,raccourcissement radiculaire,raccourcissements radiculaires;;
p;rotation,dent tournée,dents tournées,dent rotée,dents rotées,twisted tooth,rotation axiale,rotations axiales,dent pivotée,dents pivotées,malposition rotationnelle,malpositions rotationnelles,version axiale,versions axiales;rotation,dent tournee,dents tournees,dent rotee,dents rotees,twisted tooth,rotation axiale,rotations axiales,dent pivotee,dents pivotees,malposition rotationnelle,malpositions rotationnelles,version axiale,versions axiales;;
p;transposition,dents transposées,inversion de position,inversions des positions,permutation dentaire,permutations dentaires,échange de position,échanges des positions;transposition,dents transposees,inversion de position,inversions des positions,permutation dentaire,permutations dentaires,echange de position,echanges des positions;;
p;proalvéolie,proinclinaison,proinclinaisonne,proinclinaisons,proinclinaisonnes,prochéilie,prochéilies;proalveolie,proinclinaison,proinclinaisonne,proinclinaisons,proinclinaisonnes,procheilie,procheilies;incisif|incisive|incisifs|incisives,mandibulaire|mandibulaires|inférieur|inférieuse|inférieurs|inférieuses,maxillaire|maxillaires|supérieur|supérieuse|supérieurs|supérieuses,sévère|sévères|grave|graves|marqué|marquée|marqués|marquées|important|importante|importants|importantes,modéré|modérée|modérés|modérées|léger|légère|légers|légères;incisif|incisive|incisifs|incisives,mandibulaire|mandibulaires|inferieur|inferieuse|inferieurs|inferieuses,maxillaire|maxillaires|superieur|superieuse|superieurs|superieuses,severe|severes|grave|graves|marque|marquee|marques|marquees|important|importante|importants|importantes,modere|moderee|moderes|moderees|leger|legere|legers|legeres
p;rétroalvéolie,rétroinclinaison,rétroinclinaisonne,rétroinclinaisons,rétroinclinaisonnes,rétrochéilie,rétrochéilies;retroalveolie,retroinclinaison,retroinclinaisonne,retroinclinaisons,retroinclinaisonnes,retrocheilie,retrocheilies;mandibulaire|mandibulaires|inférieur|inférieuse|inférieurs|inférieuses,maxillaire|maxillaires|supérieur|supérieuse|supérieurs|supérieuses,sévère|sévères|grave|graves|marqué|marquée|marqués|marquées|important|importante|importants|importantes,modéré|modérée|modérés|modérées|léger|légère|légers|légères;mandibulaire|mandibulaires|inferieur|inferieuse|inferieurs|inferieuses,maxillaire|maxillaires|superieur|superieuse|superieurs|superieuses,severe|severes|grave|graves|marque|marquee|marques|marquees|important|importante|importants|importantes,modere|moderee|moderes|moderees|leger|legere|legers|legeres
p;endoalvéolie,anomalie alvéolaire,anomalies alvéolaires,anomalie basale,anomalies basales;endoalveolie,anomalie alveolaire,anomalies alveolaires,anomalie basale,anomalies basales;mandibulaire|mandibulaires|inférieur|inférieuse|inférieurs|inférieuses,maxillaire|maxillaires|supérieur|supérieuse|supérieurs|supérieuses;mandibulaire|mandibulaires|inferieur|inferieuse|inferieurs|inferieuses,maxillaire|maxillaires|superieur|superieuse|superieurs|superieuses
p;macrognathie,grande mâchoire,grandes mâchoires,hyperplasie,hyperplasies,grosse mâchoire,grosses mâchoires,mâchoire trop grande,mâchoires trops grandes,excès mandibulaire,excès mandibulaires,excès maxillaire,excès maxillaires;macrognathie,grande machoire,grandes machoires,hyperplasie,hyperplasies,grosse machoire,grosses machoires,machoire trop grande,machoires trops grandes,exces mandibulaire,exces mandibulaires,exces maxillaire,exces maxillaires;mandibulaire|mandibulaires|inférieur|inférieuse|inférieurs|inférieuses,maxillaire|maxillaires|supérieur|supérieuse|supérieurs|supérieuses;mandibulaire|mandibulaires|inferieur|inferieuse|inferieurs|inferieuses,maxillaire|maxillaires|superieur|superieuse|superieurs|superieuses
p;micrognathie,petite mâchoire,petites mâchoires,hypoplasie,hypoplasies,mâchoire trop petite,mâchoires trops petites,déficit mandibulaire,déficits mandibulaires,déficit maxillaire,déficits maxillaires;micrognathie,petite machoire,petites machoires,hypoplasie,hypoplasies,machoire trop petite,machoires trops petites,deficit mandibulaire,deficits mandibulaires,deficit maxillaire,deficits maxillaires;mandibulaire|mandibulaires|inférieur|inférieuse|inférieurs|inférieuses,maxillaire|maxillaires|supérieur|supérieuse|supérieurs|supérieuses;mandibulaire|mandibulaires|inferieur|inferieuse|inferieurs|inferieuses,maxillaire|maxillaires|superieur|superieuse|superieurs|superieuses
p;occlusion croisée,crossbite,morsure croisée,morsures croisées,articulé croisé,articulés croisés;occlusion croisee,crossbite,morsure croisee,morsures croisees,articule croise,articules croises;;
p;occlusion inversée,morsure inversée,morsures inversées,occlusion inverse,occlusions inverses,articulé inversé,articulés inversés;occlusion inversee,morsure inversee,morsures inversees,occlusion inverse,occlusions inverses,articule inverse,articules inverses;antérieur|antérieuse|antérieurs|antérieuses|avant|avante|avants|avantes,postérieur|postérieuse|postérieurs|postérieuses|arrière|arrières,droit|droite|droits|droites,gauche|gauches;anterieur|anterieuse|anterieurs|anterieuses|avant|avante|avants|avantes,posterieur|posterieuse|posterieurs|posterieuses|arriere|arrieres,droit|droite|droits|droites,gauche|gauches
p;supraclusion,deep bite,morsure profonde,morsures profondes,overbite,recouvrement vertical excessif,recouvrements verticaux excessifs,supraocclusion,supraocclusionne,supraocclusions,supraocclusionnes;supraclusion,deep bite,morsure profonde,morsures profondes,overbite,recouvrement vertical excessif,recouvrements verticaux excessifs,supraocclusion,supraocclusionne,supraocclusions,supraocclusionnes;prononcé|prononcée|prononcés|prononcées|marqué|marquée|marqués|marquées|sévère|sévères,total|totale|totaux|totales|complet|complète|complets|complètes;prononce|prononcee|prononces|prononcees|marque|marquee|marques|marquees|severe|severes,total|totale|totaux|totales|complet|complete|complets|completes
p;infraclusion,underbite,sous-occlusion antérieure,sous-occlusions antérieures;infraclusion,underbite,sous occlusion anterieure,sous occlusions anterieures;;
p;version,inclinaison,inclinaisonne,inclinaisons,inclinaisonnes,tipping,tippingue,tippings,tippingues,basculement,basculemente,basculements,basculementes,inclinaison dentaire,inclinaisons dentaires,bascule,bascules,mouvement de version,mouvements des versions;version,inclinaison,inclinaisonne,inclinaisons,inclinaisonnes,tipping,tippingue,tippings,tippingues,basculement,basculemente,basculements,basculementes,inclinaison dentaire,inclinaisons dentaires,bascule,bascules,mouvement de version,mouvements des versions;;
p;vestibulo-version,vestibuloversion,versé en vestibulaire,versés ens vestibulaires,incliné vers la joue,inclinés vers las joues,incliné vers l'extérieur,inclinés vers l'extérieurs,vestibulo-position,vestibulo-positionne,vestibulo-positions,vestibulo-positionnes;vestibulo version,vestibuloversion,verse en vestibulaire,verses ens vestibulaires,incline vers la joue,inclines vers las joues,incline vers l'exterieur,inclines vers l'exterieurs,vestibulo position,vestibulo positionne,vestibulo positions,vestibulo positionnes;;
p;linguo-version,linguoversion,versé en lingual,versés ens linguaux,incliné vers la langue,inclinés vers las langues,inclinaison linguale,inclinaisons linguales;linguo version,linguoversion,verse en lingual,verses ens linguaux,incline vers la langue,inclines vers las langues,inclinaison linguale,inclinaisons linguales;;
p;égression,extrusion,extrusionne,extrusions,extrusionnes,éruption,éruptionne,éruptions,éruptionnes,sortie dentaire,sorties dentaires,égression dentaire,égressions dentaires;egression,extrusion,extrusionne,extrusions,extrusionnes,eruption,eruptionne,eruptions,eruptionnes,sortie dentaire,sorties dentaires,egression dentaire,egressions dentaires;;
p;ingression,intrusion,intrusionne,intrusions,intrusionnes,enfoncement,enfoncemente,enfoncements,enfoncementes,intrusion dentaire,intrusions dentaires,mouvement d'intrusion,mouvements d'intrusions;ingression,intrusion,intrusionne,intrusions,intrusionnes,enfoncement,enfoncemente,enfoncements,enfoncementes,intrusion dentaire,intrusions dentaires,mouvement d'intrusion,mouvements d'intrusions;;
p;supraposition,supra-position,supra-positionne,supra-positions,supra-positionnes,dent en supraposition,dents ens suprapositions,dent trop haute,dents trops hautes,supra-éruption,supra-éruptionne,supra-éruptions,supra-éruptionnes,éruption excessive,éruptions excessives;supraposition,supra position,supra positionne,supra positions,supra positionnes,dent en supraposition,dents ens suprapositions,dent trop haute,dents trops hautes,supra eruption,supra eruptionne,supra eruptions,supra eruptionnes,eruption excessive,eruptions excessives;;
p;infraposition,infra-position,infra-positionne,infra-positions,infra-positionnes,dent en infraposition,dents ens infrapositions,dent trop basse,dents trops basses,sous-éruption,sous-éruptionne,sous-éruptions,sous-éruptionnes;infraposition,infra position,infra positionne,infra positions,infra positionnes,dent en infraposition,dents ens infrapositions,dent trop basse,dents trops basses,sous eruption,sous eruptionne,sous eruptions,sous eruptionnes;;
p;distalisation,recul,reculle,reculs,reculles,déplacement distal,déplacements distaux,mouvement de distalisation,mouvements des distalisations;distalisation,recul,reculle,reculs,reculles,deplacement distal,deplacements distaux,mouvement de distalisation,mouvements des distalisations;;
p;mésialisation,avancement,avancemente,avancements,avancementes,déplacement mésial,déplacements mésiaux,mouvement de mésialisation,mouvements des mésialisations;mesialisation,avancement,avancemente,avancements,avancementes,deplacement mesial,deplacements mesiaux,mouvement de mesialisation,mouvements des mesialisations;;
p;translation,mouvement,mouvemente,mouvements,mouvementes,déplacement corporel,déplacements corporels,mouvement corporel,mouvements corporels,déplacement en bloc,déplacements ens blocs,bodily movement,bodilys movements,translation dentaire,translations dentaires;translation,mouvement,mouvemente,mouvements,mouvementes,deplacement corporel,deplacements corporels,mouvement corporel,mouvements corporels,deplacement en bloc,deplacements ens blocs,bodily movement,bodilys movements,translation dentaire,translations dentaires;;
p;torque,torsion radiculaire,torsions radiculaires,rotation radiculaire,rotations radiculaires,inclinaison radiculaire,inclinaisons radiculaires,angulation radiculaire,angulations radiculaires,couple,couples;torque,torsion radiculaire,torsions radiculaires,rotation radiculaire,rotations radiculaires,inclinaison radiculaire,inclinaisons radiculaires,angulation radiculaire,angulations radiculaires,couple,couples;;
v;asymétrie faciale,visage asymétrique,visages asymétriques,déviation faciale,déviations faciales;asymetrie faciale,visage asymetrique,visages asymetriques,deviation faciale,deviations faciales;;
v;déviation mandibulaire,décalage mandibulaire,décalages mandibulaires,déviation de la mandibule,déviations des las mandibules;deviation mandibulaire,decalage mandibulaire,decalages mandibulaires,deviation de la mandibule,deviations des las mandibules;droit|droite|droits|droites,gauche|gauches;droit|droite|droits|droites,gauche|gauches
v;déviation maxillaire,décalage dentaire,décalages dentaires,déviation de la ligne médiane,déviations des las lignes médianes;deviation maxillaire,decalage dentaire,decalages dentaires,deviation de la ligne mediane,deviations des las lignes medianes;droit|droite|droits|droites,gauche|gauches;droit|droite|droits|droites,gauche|gauches
v;latérodéviation mandibulaire,déviation mandibulaire latérale,déviations mandibulaires latérales,asymétrie mandibulaire,asymétries mandibulaires;laterodeviation mandibulaire,deviation mandibulaire laterale,deviations mandibulaires laterales,asymetrie mandibulaire,asymetries mandibulaires;droit|droite|droits|droites,gauche|gauches;droit|droite|droits|droites,gauche|gauches
v;latérodéviation maxillaire,déviation maxillaire latérale,déviations maxillaires latérales,asymétrie maxillaire,asymétries maxillaires;laterodeviation maxillaire,deviation maxillaire laterale,deviations maxillaires laterales,asymetrie maxillaire,asymetries maxillaires;droit|droite|droits|droites,gauche|gauches;droit|droite|droits|droites,gauche|gauches
v;ATM,articulation temporo-mandibulaire,articulations temporo-mandibulaires,troubles ATM,troubles ATMs,dysfonction temporo-mandibulaire,dysfonctions temporo-mandibulaires,TMJ,TMJe,TMJs,TMJes,TMD,TMDe,TMDs,TMDes;atm,articulation temporo mandibulaire,articulations temporo mandibulaires,troubles atm,troubles atms,dysfonction temporo mandibulaire,dysfonctions temporo mandibulaires,tmj,tmje,tmjs,tmjes,tmd,tmde,tmds,tmdes;;
v;arthrite,inflammation articulaire,inflammations articulaires,arthropathie inflammatoire,arthropathies inflammatoires;arthrite,inflammation articulaire,inflammations articulaires,arthropathie inflammatoire,arthropathies inflammatoires;infectieux|infectieuse|infectieuses|septique|septiques|bactérien|bactérienne|bactériens|bactériennes,traumatique|traumatiques|post-traumatique|post-traumatiques;infectieux|infectieuse|infectieuses|septique|septiques|bacterien|bacterienne|bacteriens|bacteriennes,traumatique|traumatiques|post traumatique|post traumatiques
v;arthrose,ostéoarthrite,ostéoarthrites,arthropathie dégénérative,arthropathies dégénératives,maladie articulaire dégénérative,maladies articulaires dégénératives;arthrose,osteoarthrite,osteoarthrites,arthropathie degenerative,arthropathies degeneratives,maladie articulaire degenerative,maladies articulaires degeneratives;;
v;claquement articulaire,claquement ATM,claquements ATMs,clicking,clickingue,clickings,clickingues;claquement articulaire,claquement atm,claquements atms,clicking,clickingue,clickings,clickingues;droit|droite|droits|droites,gauche|gauches,léger|légère|légers|légères;droit|droite|droits|droites,gauche|gauches,leger|legere|legers|legeres
v;ressaut articulaire,ressaut ATM,ressauts ATMs,popping,poppingue,poppings,poppingues;ressaut articulaire,ressaut atm,ressauts atms,popping,poppingue,poppings,poppingues;droit|droite|droits|droites,gauche|gauches;droit|droite|droits|droites,gauche|gauches
v;luxation,luxation ATM,luxations ATMs,déplacement articulaire,déplacements articulaires,dislocation,dislocationne,dislocations,dislocationnes;luxation,luxation atm,luxations atms,deplacement articulaire,deplacements articulaires,dislocation,dislocationne,dislocations,dislocationnes;;
v;luxation méniscale,déplacement du ménisque,déplacements dus ménisques,luxation discale,luxations discales,trouble de l'atm,troubles des l'atms;luxation meniscale,deplacement du menisque,deplacements dus menisques,luxation discale,luxations discales,trouble de l'atm,troubles des l'atms;réductible|réductibles;reductible|reductibles
v;apnée du sommeil,sleep apnea,sleeps apneas,OSA,OSAs,obstructive sleep apnea,obstructives sleeps apneas,syndrome d'apnées obstructives du sommeil,syndromes d'apnées obstructives dus sommeils,SAOS,SAOSse,SAOSses,ronflement,ronflemente,ronflements,ronflementes;apnee du sommeil,sleep apnea,sleeps apneas,osa,osas,obstructive sleep apnea,obstructives sleeps apneas,syndrome d'apnees obstructives du sommeil,syndromes d'apnees obstructives dus sommeils,saos,saosse,saosses,ronflement,ronflemente,ronflements,ronflementes;;
v;déglutition,avaler,avalère,avalers,avalères,swallowing,fonction de déglutition,fonctions des déglutitions,acte de déglutition,actes des déglutitions;deglutition,avaler,avalere,avalers,avaleres,swallowing,fonction de deglutition,fonctions des deglutitions,acte de deglutition,actes des deglutitions;atypique|atypiques|primaire|primaires;atypique|atypiques|primaire|primaires
v;dysfonction linguale,langue basse,langues basses,position linguale basse,positions linguales basses,trouble de la déglutition,troubles des las déglutitions,déglutition primaire,déglutitions primaires,mauvaise position linguale,mauvaises positions linguales;dysfonction linguale,langue basse,langues basses,position linguale basse,positions linguales basses,trouble de la deglutition,troubles des las deglutitions,deglutition primaire,deglutitions primaires,mauvaise position linguale,mauvaises positions linguales;;
v;interposition linguale,langue entre les dents,langues entres les dents,tongue thrust,tongues thrusts,béance par interposition,béances pars interpositions,poussée linguale,poussées linguales;interposition linguale,langue entre les dents,langues entres les dents,tongue thrust,tongues thrusts,beance par interposition,beances pars interpositions,poussee linguale,poussees linguales;;
v;mastication,mâcher,mâchère,mâchers,mâchères,mastiquer,mastiquère,mastiquers,mastiquères,croquer,croquère,croquers,croquères,chewing,fonction masticatrice,fonctions masticatrices,fonction masticatoire,fonctions masticatoires;mastication,macher,machere,machers,macheres,mastiquer,mastiquere,mastiquers,mastiqueres,croquer,croquere,croquers,croqueres,chewing,fonction masticatrice,fonctions masticatrices,fonction masticatoire,fonctions masticatoires;;
v;phonation,parole,paroles,élocution,élocutionne,élocutions,élocutionnes,parler,parlère,parlers,parlères,speech,speeche,speechs,speeches,fonction phonatoire,fonctions phonatoires,articulation,articulationne,articulations,articulationnes;phonation,parole,paroles,elocution,elocutionne,elocutions,elocutionnes,parler,parlere,parlers,parleres,speech,speeche,speechs,speeches,fonction phonatoire,fonctions phonatoires,articulation,articulationne,articulations,articulationnes;;
v;respiration buccale,ventilation orale,ventilations orales,bouche ouverte,bouches ouvertes,mouth breathing,mouths breathings,respirateur buccal,respirateurs buccaux,respiration orale,respirations orales,respiration par la bouche,respirations pars las bouches;respiration buccale,ventilation orale,ventilations orales,bouche ouverte,bouches ouvertes,mouth breathing,mouths breathings,respirateur buccal,respirateurs buccaux,respiration orale,respirations orales,respiration par la bouche,respirations pars las bouches;;
v;ventilation nasale,respiration nasale,respirations nasales,nasal breathing,nasaux breathings,respiration par le nez,respirations pars les nez;ventilation nasale,respiration nasale,respirations nasales,nasal breathing,nasaux breathings,respiration par le nez,respirations pars les nez;;
v;succion,habitude de succion,habitudes des succions,pacifier,pacifière,pacifiers,pacifières,pouce,pouces,suce le pouce,suces les pouces,sucer,sucère,sucers,sucères,sucotement,sucotemente,sucotements,sucotementes,tétine,tétines;succion,habitude de succion,habitudes des succions,pacifier,pacifiere,pacifiers,pacifieres,pouce,pouces,suce le pouce,suces les pouces,sucer,sucere,sucers,suceres,sucotement,sucotemente,sucotements,sucotementes,tetine,tetines;digital|digitale|digitaux|digitales|pouce|pouces;digital|digitale|digitaux|digitales|pouce|pouces
v;onychophagie,ronger les ongles,rongers les ongles,nail biting,nails bitings,se ronger les ongles,ses rongers les ongles;onychophagie,ronger les ongles,rongers les ongles,nail biting,nails bitings,se ronger les ongles,ses rongers les ongles;;
v;alignement,redressement,redressemente,redressements,redressementes,correction,correctionne,corrections,correctionnes,straightening,straighteningue,straightenings,straighteningues,alignement dentaire,alignements dentaires,alignement des dents,alignements des dents;alignement,redressement,redressemente,redressements,redressementes,correction,correctionne,corrections,correctionnes,straightening,straighteningue,straightenings,straighteningues,alignement dentaire,alignements dentaires,alignement des dents,alignements des dents;;
v;chirurgie,intervention,interventionne,interventions,interventionnes,opération,opérationne,opérations,opérationnes,surgery,surgerys,chirurgie maxillaire,chirurgies maxillaires,chirurgie mandibulaire,chirurgies mandibulaires,opération mâchoire,opérations mâchoires,orthognathic surgery,orthognathics surgerys,chirurgie maxillo-faciale,chirurgies maxillo-faciales;chirurgie,intervention,interventionne,interventions,interventionnes,operation,operationne,operations,operationnes,surgery,surgerys,chirurgie maxillaire,chirurgies maxillaires,chirurgie mandibulaire,chirurgies mandibulaires,operation machoire,operations machoires,orthognathic surgery,orthognathics surgerys,chirurgie maxillo faciale,chirurgies maxillo faciales;;
v;détartrage,nettoyage dentaire,nettoyages dentaires,prophylaxie,prophylaxies,scaling,scalingue,scalings,scalingues,surfaçage,surfaçages;detartrage,nettoyage dentaire,nettoyages dentaires,prophylaxie,prophylaxies,scaling,scalingue,scalings,scalingues,surfacage,surfacages;;
v;ostéotomie,chirurgie des mâchoires,chirurgies des mâchoires,jaw surgery,chirurgie orthognathique,chirurgies orthognathiques,chirurgie bimaxillaire,chirurgies bimaxillaires;osteotomie,chirurgie des machoires,chirurgies des machoires,jaw surgery,chirurgie orthognathique,chirurgies orthognathiques,chirurgie bimaxillaire,chirurgies bimaxillaires;;
v;stripping,IPR,IPRe,IPRs,IPRes,réduction interproximale,réductions interproximales,polissage interproximal,polissages interproximaux,meulage,meulages,limage,limages,réduction amélaire,réductions amélaires,slicing,slicingue,slicings,slicingues;stripping,ipr,ipre,iprs,ipres,reduction interproximale,reductions interproximales,polissage interproximal,polissages interproximaux,meulage,meulages,limage,limages,reduction amelaire,reductions amelaires,slicing,slicingue,slicings,slicingues;;
v;traitement interceptif,traitement précoce,traitements précoces,early treatment,earlys treatments,interception orthodontique,interceptions orthodontiques;traitement interceptif,traitement precoce,traitements precoces,early treatment,earlys treatments,interception orthodontique,interceptions orthodontiques;;
v;ANB,angle ANB,relation intermaxillaire,relations intermaxillaires,décalage squelettique,décalages squelettiques,mesure ANB,mesures ANBs,relation antéropostérieure,relations antéropostérieures,angle squelettique,relation maxillo-mandibulaire,relations maxillo-mandibulaires;anb,angle anb,relation intermaxillaire,relations intermaxillaires,decalage squelettique,decalages squelettiques,mesure anb,mesures anbs,relation anteroposterieure,relations anteroposterieures,angle squelettique,relation maxillo mandibulaire,relations maxillo mandibulaires;;
v;SNA,angle SNA,position maxillaire,positions maxillaires,mesure SNA,mesures SNAs,position du maxillaire,positions dus maxillaires;sna,angle sna,position maxillaire,positions maxillaires,mesure sna,mesures snas,position du maxillaire,positions dus maxillaires;;
v;SNB,angle SNB,position mandibulaire,positions mandibulaires,mesure SNB,mesures SNBs,position de la mandibule,positions des las mandibules;snb,angle snb,position mandibulaire,positions mandibulaires,mesure snb,mesures snbs,position de la mandibule,positions des las mandibules;;
v;Wits,appraisal de Wits,analyse de Wits,AO-BO,AO-BOs,Wits appraisal,analyse Wits,mesure de Wits;wits,appraisal de wits,analyse de wits,ao bo,ao bos,wits appraisal,analyse wits,mesure de wits;;
v;céphalométrie,téléradiographie,téléradiographies,téléradio,téléradios,lateral ceph,lateraux cephs,profil,profille,profils,profilles,cephalo,cephalos,radio de profil,radios des profils,télécrâne,télécrânes,radiographie de profil,radiographies des profils;cephalometrie,teleradiographie,teleradiographies,teleradio,teleradios,lateral ceph,lateraux cephs,profil,profille,profils,profilles,cephalo,cephalos,radio de profil,radios des profils,telecrane,telecranes,radiographie de profil,radiographies des profils;;
v;panoramique,radio panoramique,radios panoramiques,orthopantomogramme,orthopantomogrammes,OPG,OPGue,OPGs,OPGues,panorex,panoresse,panoresses,radio,radios,radiographie,radiographies,panoramique dentaire,panoramiques dentaires,radiographie panoramique,radiographies panoramiques;panoramique,radio panoramique,radios panoramiques,orthopantomogramme,orthopantomogrammes,opg,opgue,opgs,opgues,panorex,panoresse,panoresses,radio,radios,radiographie,radiographies,panoramique dentaire,panoramiques dentaires,radiographie panoramique,radiographies panoramiques;;
v;scanner,cone beam,cones beams,CBCT,CBCTe,CBCTs,CBCTes,tomodensitométrie,tomodensitométries,cone beam CT,cones beams CTs,3D,imagerie 3D,scan 3D,tomographie,tomographies;scanner,cone beam,cones beams,cbct,cbcte,cbcts,cbctes,tomodensitometrie,tomodensitometries,cone beam ct,cones beams cts,3d,imagerie 3d,scan 3d,tomographie,tomographies;;
v;scanner intra-oral,empreinte numérique,empreintes numériques,digital impression,digitaux impressions,scan numérique,scans numériques;scanner intra oral,empreinte numerique,empreintes numeriques,digital impression,digitaux impressions,scan numerique,scans numeriques;;
v;empreinte,prise d'empreinte,prises d'empreintes,moulage,moulages,impression,impressionne,impressions,impressionnes,alginate,alginates,empreinte dentaire,empreintes dentaires;empreinte,prise d'empreinte,prises d'empreintes,moulage,moulages,impression,impressionne,impressions,impressionnes,alginate,alginates,empreinte dentaire,empreintes dentaires;;
v;arcade,arcade dentaire,arcades dentaires,arc dentaire,arcs dentaires,dental arch,dentaux archs;arcade,arcade dentaire,arcades dentaires,arc dentaire,arcs dentaires,dental arch,dentaux archs;maxillaire|maxillaires|supérieur|supérieuse|supérieurs|supérieuses,mandibulaire|mandibulaires|inférieur|inférieuse|inférieurs|inférieuses;maxillaire|maxillaires|superieur|superieuse|superieurs|superieuses,mandibulaire|mandibulaires|inferieur|inferieuse|inferieurs|inferieuses
v;canine,croc,croque,crocs,croques,cuspide,cuspides,dent canine,dents canines,dent de loup,dents des loups;canine,croc,croque,crocs,croques,cuspide,cuspides,dent canine,dents canines,dent de loup,dents des loups;inclus|inclusse|inclusses;inclus|inclusse|inclusses
v;incisive,dent de devant,dents des devants,dents de devant;incisive,dent de devant,dents des devants,dents de devant;central|centrale|centraux|centrales,latéral|latérale|latéraux|latérales;central|centrale|centraux|centrales,lateral|laterale|lateraux|laterales
v;molaire,grosse dent,grosses dents,dent du fond,dents dus fonds,sixième,sixièmes,douzième,douzièmes,molaire de six ans,molaires des six ans,molaire de douze ans,molaires des douzes ans;molaire,grosse dent,grosses dents,dent du fond,dents dus fonds,sixieme,sixiemes,douzieme,douziemes,molaire de six ans,molaires des six ans,molaire de douze ans,molaires des douzes ans;premier|première|premiers|premières,deuxième|deuxièmes;premier|premiere|premiers|premieres,deuxieme|deuxiemes
v;prémolaire,premolaire,premolaires,bicuspide,bicuspides,quatrième,quatrièmes,cinquième,cinquièmes,petite molaire,petites molaires;premolaire,premolaire,premolaires,bicuspide,bicuspides,quatrieme,quatriemes,cinquieme,cinquiemes,petite molaire,petites molaires;premier|première|premiers|premières,deuxième|deuxièmes;premier|premiere|premiers|premieres,deuxieme|deuxiemes
v;dentition mixte,mixed dentition,mixeds dentitions,denture mixte,dentures mixtes,dentition transitionnelle,dentitions transitionnelles;dentition mixte,mixed dentition,mixeds dentitions,denture mixte,dentures mixtes,dentition transitionnelle,dentitions transitionnelles;;
v;dentition permanente,dents définitives,dents d'adulte,dents d'adultes,permanent dentition,permanents dentitions,denture permanente,dentures permanentes,dentition adulte,dentitions adultes;dentition permanente,dents definitives,dents d'adulte,dents d'adultes,permanent dentition,permanents dentitions,denture permanente,dentures permanentes,dentition adulte,dentitions adultes;;
v;dentition temporaire,dents de lait,dents des laits,dents de bébé,dents des bébés,primary dentition,primarys dentitions,deciduous,deciduousse,deciduousses,dents lactéales,dents primaires,denture temporaire,dentures temporaires;dentition temporaire,dents de lait,dents des laits,dents de bebe,dents des bebes,primary dentition,primarys dentitions,deciduous,deciduousse,deciduousses,dents lacteales,dents primaires,denture temporaire,dentures temporaires;;
v;croissance,développement,développemente,développements,développementes,grandir,grandire,grandirs,grandires,growth,maturation,maturationne,maturations,maturationnes;croissance,developpement,developpemente,developpements,developpementes,grandir,grandire,grandirs,grandires,growth,maturation,maturationne,maturations,maturationnes;pic|pique|pics|piques|pubertaire|pubertaires;pic|pique|pics|piques|pubertaire|pubertaires
v;DDM,dysharmonie,dysharmonies,discrepance,discrepances,dysharmonie dentaire,dysharmonies dentaires,dysmorphose,dysmorphoses,dysharmonie dento-maxillaire,dysharmonies dento-maxillaires;ddm,dysharmonie,dysharmonies,discrepance,discrepances,dysharmonie dentaire,dysharmonies dentaires,dysmorphose,dysmorphoses,dysharmonie dento maxillaire,dysharmonies dento maxillaires;sévère|sévères|++|++s;severe|severes|++|++s
v;douleur,mal,male,maux,males,pain,paine,pains,paines,souffrir,souffrire,souffrirs,souffrires,inconfort,inconforte,inconforts,inconfortes,sensibilité,sensibilitée,sensibilités,sensibilitées,douleur dentaire,douleurs dentaires;douleur,mal,male,maux,males,pain,paine,pains,paines,souffrir,souffrire,souffrirs,souffrires,inconfort,inconforte,inconforts,inconfortes,sensibilite,sensibilitee,sensibilites,sensibilitees,douleur dentaire,douleurs dentaires;;
v;hygiène,nettoyage,nettoyages,brossage,brossages,cleaning,cleaningue,cleanings,cleaningues,hygiène bucco-dentaire,hygiènes bucco-dentaires,hygiène dentaire,hygiènes dentaires;hygiene,nettoyage,nettoyages,brossage,brossages,cleaning,cleaningue,cleanings,cleaningues,hygiene bucco dentaire,hygienes bucco dentaires,hygiene dentaire,hygienes dentaires;;
v;proglissement mandibulaire,proglissement,proglissemente,proglissements,proglissementes,glissement mandibulaire,glissements mandibulaires,déviation mandibulaire fonctionnelle,déviations mandibulaires fonctionnelles,proglissement fonctionnel,proglissements fonctionnels;proglissement mandibulaire,proglissement,proglissemente,proglissements,proglissementes,glissement mandibulaire,glissements mandibulaires,deviation mandibulaire fonctionnelle,deviations mandibulaires fonctionnelles,proglissement fonctionnel,proglissements fonctionnels;;
v;surplomb,recouvrement horizontal,recouvrements horizontaux,décalage horizontal,décalages horizontaux,overjet,surjet,surjète,surjets,surjètes;surplomb,recouvrement horizontal,recouvrements horizontaux,decalage horizontal,decalages horizontaux,overjet,surjet,surjete,surjets,surjetes;;
v;consultation,rendez-vous,rendez-vousse,rendez-vousses,appointment,appointmente,appointments,appointmentes,visite,visites,consulter,consultère,consulters,consultères,examen orthodontique,examens orthodontiques;consultation,rendez vous,rendez vousse,rendez vousses,appointment,appointmente,appointments,appointmentes,visite,visites,consulter,consultere,consulters,consulteres,examen orthodontique,examens orthodontiques;;
v;contrôle,suivi,suivie,suivis,suivies,follow-up,monitoring,monitoringue,monitorings,monitoringues,surveiller,surveillère,surveillers,surveillères,visite de contrôle,visites des contrôles;controle,suivi,suivie,suivis,suivies,follow up,monitoring,monitoringue,monitorings,monitoringues,surveiller,surveillere,surveillers,surveilleres,visite de controle,visites des controles;;
v;débandage,bracket décollé,brackets décollés,bague qui tombe,bagues quis tombes,loose bracket,looses brackets,attache décollée,attaches décollées;debandage,bracket decolle,brackets decolles,bague qui tombe,bagues quis tombes,loose bracket,looses brackets,attache decollee,attaches decollees;;
v;fil qui pique,fil qui blesse,fils quis blesses,wire poking,irritation,irritationne,irritations,irritationnes,fil saillant,fils saillants,fil qui dépasse,fils quis dépasses;fil qui pique,fil qui blesse,fils quis blesses,wire poking,irritation,irritationne,irritations,irritationnes,fil saillant,fils saillants,fil qui depasse,fils quis depasses;;
v;urgence,urgence orthodontique,urgences orthodontiques,emergency,emergencys,problème,problèmes,urgent,urgente,urgents,urgentes,cas urgent,cas urgents;urgence,urgence orthodontique,urgences orthodontiques,emergency,emergencys,probleme,problemes,urgent,urgente,urgents,urgentes,cas urgent,cas urgents;;
?;prognathie,avancée,avancées,en avant,ens avants,projection,projectionne,projections,projectionnes;prognathie,avancee,avancees,en avant,ens avants,projection,projectionne,projections,projectionnes;;
?;rétrognathie,en arrière,ens arrières,reculée,reculées,rétrognathe,rétrognathes,rétroposition,rétropositionne,rétropositions,rétropositionnes;retrognathie,en arriere,ens arrieres,reculee,reculees,retrognathe,retrognathes,retroposition,retropositionne,retropositions,retropositionnes;;
?;protrusion,avancement excessif,avancements excessifs,projection en avant,projections ens avants,proclusion,proclusionne,proclusions,proclusionnes;protrusion,avancement excessif,avancements excessifs,projection en avant,projections ens avants,proclusion,proclusionne,proclusions,proclusionnes;;
?;rétrusion;retrusion;;
?;NiTi,nitinol,nitinole,nitinols,nitinoles,nickel-titane,nickel-titanes,superélastique,superélastiques,fil NiTi,fils NiTis,fil thermoactif,fils thermoactifs;niti,nitinol,nitinole,nitinols,nitinoles,nickel titane,nickel titanes,superelastique,superelastiques,fil niti,fils nitis,fil thermoactif,fils thermoactifs;;
?;métal,acier,acière,aciers,acières,steel,steelle,steels,steelles,titanium,titaniume,titaniums,titaniumes,titane,titanes,métallique,métalliques,métal inoxydable,métaux inoxydables;metal,acier,aciere,aciers,acieres,steel,steelle,steels,steelles,titanium,titaniume,titaniums,titaniumes,titane,titanes,metallique,metalliques,metal inoxydable,metaux inoxydables;;
?;composite,résine composite,résines composites,resin composite,resins composites,restauration en composite,restaurations ens composites;composite,resine composite,resines composites,resin composite,resins composites,restauration en composite,restaurations ens composites;;
?;spacing;spacing;;
