stdfrtags;terme_fr;langue;terme_traduit;fournisseur;type;date
classe i squelettique,classe 1 squelettique,classe i squelettique,anb=0°,anb =0°,anb= 0°,anb = 0°,anb=1°,anb =1°,anb= 1°,anb = 1°,anb=2°,anb =2°,anb= 2°,anb = 2°,anb=3°,anb =3°,anb= 3°,anb = 3°,anb=4°,anb =4°,anb= 4°,anb = 4°;Classe I squelettique;en;Class I skeletal;deepl;tag;2025-12-08 19:51:56
classe i squelettique,classe 1 squelettique,classe i squelettique,anb=0°,anb =0°,anb= 0°,anb = 0°,anb=1°,anb =1°,anb= 1°,anb = 1°,anb=2°,anb =2°,anb= 2°,anb = 2°,anb=3°,anb =3°,anb= 3°,anb = 3°,anb=4°,anb =4°,anb= 4°,anb = 4°;classe 1 squelettique;en;class 1 skeletal;deepl;tag;2025-12-08 19:51:56
classe i squelettique,classe 1 squelettique,classe i squelettique,anb=0°,anb =0°,anb= 0°,anb = 0°,anb=1°,anb =1°,anb= 1°,anb = 1°,anb=2°,anb =2°,anb= 2°,anb = 2°,anb=3°,anb =3°,anb= 3°,anb = 3°,anb=4°,anb =4°,anb= 4°,anb = 4°;classe i squelettique;en;class i skeletal;deepl;tag;2025-12-08 19:51:56
classe i squelettique,classe 1 squelettique,classe i squelettique,anb=0°,anb =0°,anb= 0°,anb = 0°,anb=1°,anb =1°,anb= 1°,anb = 1°,anb=2°,anb =2°,anb= 2°,anb = 2°,anb=3°,anb =3°,anb= 3°,anb = 3°,anb=4°,anb =4°,anb= 4°,anb = 4°;Anb=0°;en;Anb=0;deepl;tag;2025-12-08 19:51:56
classe i squelettique,classe 1 squelettique,classe i squelettique,anb=0°,anb =0°,anb= 0°,anb = 0°,anb=1°,anb =1°,anb= 1°,anb = 1°,anb=2°,anb =2°,anb= 2°,anb = 2°,anb=3°,anb =3°,anb= 3°,anb = 3°,anb=4°,anb =4°,anb= 4°,anb = 4°;Anb =0°;en;Anb =0;deepl;tag;2025-12-08 19:51:56
classe i squelettique,classe 1 squelettique,classe i squelettique,anb=0°,anb =0°,anb= 0°,anb = 0°,anb=1°,anb =1°,anb= 1°,anb = 1°,anb=2°,anb =2°,anb= 2°,anb = 2°,anb=3°,anb =3°,anb= 3°,anb = 3°,anb=4°,anb =4°,anb= 4°,anb = 4°;Anb= 0°;en;Anb= 0;deepl;tag;2025-12-08 19:51:56
classe i squelettique,classe 1 squelettique,classe i squelettique,anb=0°,anb =0°,anb= 0°,anb = 0°,anb=1°,anb =1°,anb= 1°,anb = 1°,anb=2°,anb =2°,anb= 2°,anb = 2°,anb=3°,anb =3°,anb= 3°,anb = 3°,anb=4°,anb =4°,anb= 4°,anb = 4°;Anb = 0°;en;Anb = 0;deepl;tag;2025-12-08 19:51:56
classe i squelettique,classe 1 squelettique,classe i squelettique,anb=0°,anb =0°,anb= 0°,anb = 0°,anb=1°,anb =1°,anb= 1°,anb = 1°,anb=2°,anb =2°,anb= 2°,anb = 2°,anb=3°,anb =3°,anb= 3°,anb = 3°,anb=4°,anb =4°,anb= 4°,anb = 4°;Anb=1°;en;Anb=1;deepl;tag;2025-12-08 19:51:56
classe i squelettique,classe 1 squelettique,classe i squelettique,anb=0°,anb =0°,anb= 0°,anb = 0°,anb=1°,anb =1°,anb= 1°,anb = 1°,anb=2°,anb =2°,anb= 2°,anb = 2°,anb=3°,anb =3°,anb= 3°,anb = 3°,anb=4°,anb =4°,anb= 4°,anb = 4°;Anb =1°;en;Anb =1;deepl;tag;2025-12-08 19:51:56
classe i squelettique,classe 1 squelettique,classe i squelettique,anb=0°,anb =0°,anb= 0°,anb = 0°,anb=1°,anb =1°,anb= 1°,anb = 1°,anb=2°,anb =2°,anb= 2°,anb = 2°,anb=3°,anb =3°,anb= 3°,anb = 3°,anb=4°,anb =4°,anb= 4°,anb = 4°;Anb= 1°;en;Anb = 1°.;deepl;tag;2025-12-08 19:51:56
classe i squelettique,classe 1 squelettique,classe i squelettique,anb=0°,anb =0°,anb= 0°,anb = 0°,anb=1°,anb =1°,anb= 1°,anb = 1°,anb=2°,anb =2°,anb= 2°,anb = 2°,anb=3°,anb =3°,anb= 3°,anb = 3°,anb=4°,anb =4°,anb= 4°,anb = 4°;Anb = 1°;en;Anb = 1;deepl;tag;2025-12-08 19:51:56
classe i squelettique,classe 1 squelettique,classe i squelettique,anb=0°,anb =0°,anb= 0°,anb = 0°,anb=1°,anb =1°,anb= 1°,anb = 1°,anb=2°,anb =2°,anb= 2°,anb = 2°,anb=3°,anb =3°,anb= 3°,anb = 3°,anb=4°,anb =4°,anb= 4°,anb = 4°;Anb=2°;en;Anb=2;deepl;tag;2025-12-08 19:51:56
classe i squelettique,classe 1 squelettique,classe i squelettique,anb=0°,anb =0°,anb= 0°,anb = 0°,anb=1°,anb =1°,anb= 1°,anb = 1°,anb=2°,anb =2°,anb= 2°,anb = 2°,anb=3°,anb =3°,anb= 3°,anb = 3°,anb=4°,anb =4°,anb= 4°,anb = 4°;Anb =2°;en;Anb =2;deepl;tag;2025-12-08 19:51:56
classe i squelettique,classe 1 squelettique,classe i squelettique,anb=0°,anb =0°,anb= 0°,anb = 0°,anb=1°,anb =1°,anb= 1°,anb = 1°,anb=2°,anb =2°,anb= 2°,anb = 2°,anb=3°,anb =3°,anb= 3°,anb = 3°,anb=4°,anb =4°,anb= 4°,anb = 4°;Anb= 2°;en;Anb = 2°.;deepl;tag;2025-12-08 19:51:56
classe i squelettique,classe 1 squelettique,classe i squelettique,anb=0°,anb =0°,anb= 0°,anb = 0°,anb=1°,anb =1°,anb= 1°,anb = 1°,anb=2°,anb =2°,anb= 2°,anb = 2°,anb=3°,anb =3°,anb= 3°,anb = 3°,anb=4°,anb =4°,anb= 4°,anb = 4°;Anb = 2°;en;Anb = 2;deepl;tag;2025-12-08 19:51:56
classe i squelettique,classe 1 squelettique,classe i squelettique,anb=0°,anb =0°,anb= 0°,anb = 0°,anb=1°,anb =1°,anb= 1°,anb = 1°,anb=2°,anb =2°,anb= 2°,anb = 2°,anb=3°,anb =3°,anb= 3°,anb = 3°,anb=4°,anb =4°,anb= 4°,anb = 4°;Anb=3°;en;Anb=3;deepl;tag;2025-12-08 19:51:56
classe i squelettique,classe 1 squelettique,classe i squelettique,anb=0°,anb =0°,anb= 0°,anb = 0°,anb=1°,anb =1°,anb= 1°,anb = 1°,anb=2°,anb =2°,anb= 2°,anb = 2°,anb=3°,anb =3°,anb= 3°,anb = 3°,anb=4°,anb =4°,anb= 4°,anb = 4°;Anb =3°;en;Anb =3;deepl;tag;2025-12-08 19:51:56
classe i squelettique,classe 1 squelettique,classe i squelettique,anb=0°,anb =0°,anb= 0°,anb = 0°,anb=1°,anb =1°,anb= 1°,anb = 1°,anb=2°,anb =2°,anb= 2°,anb = 2°,anb=3°,anb =3°,anb= 3°,anb = 3°,anb=4°,anb =4°,anb= 4°,anb = 4°;Anb= 3°;en;Anb= 3;deepl;tag;2025-12-08 19:51:56
classe i squelettique,classe 1 squelettique,classe i squelettique,anb=0°,anb =0°,anb= 0°,anb = 0°,anb=1°,anb =1°,anb= 1°,anb = 1°,anb=2°,anb =2°,anb= 2°,anb = 2°,anb=3°,anb =3°,anb= 3°,anb = 3°,anb=4°,anb =4°,anb= 4°,anb = 4°;Anb = 3°;en;Anb = 3;deepl;tag;2025-12-08 19:51:56
classe i squelettique,classe 1 squelettique,classe i squelettique,anb=0°,anb =0°,anb= 0°,anb = 0°,anb=1°,anb =1°,anb= 1°,anb = 1°,anb=2°,anb =2°,anb= 2°,anb = 2°,anb=3°,anb =3°,anb= 3°,anb = 3°,anb=4°,anb =4°,anb= 4°,anb = 4°;Anb=4°;en;Anb=4;deepl;tag;2025-12-08 19:51:56
classe i squelettique,classe 1 squelettique,classe i squelettique,anb=0°,anb =0°,anb= 0°,anb = 0°,anb=1°,anb =1°,anb= 1°,anb = 1°,anb=2°,anb =2°,anb= 2°,anb = 2°,anb=3°,anb =3°,anb= 3°,anb = 3°,anb=4°,anb =4°,anb= 4°,anb = 4°;Anb =4°;en;Anb =4;deepl;tag;2025-12-08 19:51:56
classe i squelettique,classe 1 squelettique,classe i squelettique,anb=0°,anb =0°,anb= 0°,anb = 0°,anb=1°,anb =1°,anb= 1°,anb = 1°,anb=2°,anb =2°,anb= 2°,anb = 2°,anb=3°,anb =3°,anb= 3°,anb = 3°,anb=4°,anb =4°,anb= 4°,anb = 4°;Anb= 4°;en;Anb= 4;deepl;tag;2025-12-08 19:51:56
classe i squelettique,classe 1 squelettique,classe i squelettique,anb=0°,anb =0°,anb= 0°,anb = 0°,anb=1°,anb =1°,anb= 1°,anb = 1°,anb=2°,anb =2°,anb= 2°,anb = 2°,anb=3°,anb =3°,anb= 3°,anb = 3°,anb=4°,anb =4°,anb= 4°,anb = 4°;Anb = 4°;en;Anb = 4;deepl;tag;2025-12-08 19:51:56
classe i squelettique,classe 1 squelettique,classe i squelettique,anb=0°,anb =0°,anb= 0°,anb = 0°,anb=1°,anb =1°,anb= 1°,anb = 1°,anb=2°,anb =2°,anb= 2°,anb = 2°,anb=3°,anb =3°,anb= 3°,anb = 3°,anb=4°,anb =4°,anb= 4°,anb = 4°;idéale;en;ideal;deepl;adjectif;2025-12-08 19:51:56
classe i squelettique,classe 1 squelettique,classe i squelettique,anb=0°,anb =0°,anb= 0°,anb = 0°,anb=1°,anb =1°,anb= 1°,anb = 1°,anb=2°,anb =2°,anb= 2°,anb = 2°,anb=3°,anb =3°,anb= 3°,anb = 3°,anb=4°,anb =4°,anb= 4°,anb = 4°;parfaite;en;perfect;deepl;adjectif;2025-12-08 19:51:56
classe i squelettique,classe 1 squelettique,classe i squelettique,anb=0°,anb =0°,anb= 0°,anb = 0°,anb=1°,anb =1°,anb= 1°,anb = 1°,anb=2°,anb =2°,anb= 2°,anb = 2°,anb=3°,anb =3°,anb= 3°,anb = 3°,anb=4°,anb =4°,anb= 4°,anb = 4°;harmonieuse;en;harmonious;deepl;adjectif;2025-12-08 19:51:56
classe i squelettique,classe 1 squelettique,classe i squelettique,anb=0°,anb =0°,anb= 0°,anb = 0°,anb=1°,anb =1°,anb= 1°,anb = 1°,anb=2°,anb =2°,anb= 2°,anb = 2°,anb=3°,anb =3°,anb= 3°,anb = 3°,anb=4°,anb =4°,anb= 4°,anb = 4°;Classe I squelettique;de;Klasse I Skelett;deepl;tag;2025-12-08 19:51:56
classe i squelettique,classe 1 squelettique,classe i squelettique,anb=0°,anb =0°,anb= 0°,anb = 0°,anb=1°,anb =1°,anb= 1°,anb = 1°,anb=2°,anb =2°,anb= 2°,anb = 2°,anb=3°,anb =3°,anb= 3°,anb = 3°,anb=4°,anb =4°,anb= 4°,anb = 4°;classe 1 squelettique;de;Klasse 1 skelettartig;deepl;tag;2025-12-08 19:51:56
classe i squelettique,classe 1 squelettique,classe i squelettique,anb=0°,anb =0°,anb= 0°,anb = 0°,anb=1°,anb =1°,anb= 1°,anb = 1°,anb=2°,anb =2°,anb= 2°,anb = 2°,anb=3°,anb =3°,anb= 3°,anb = 3°,anb=4°,anb =4°,anb= 4°,anb = 4°;classe i squelettique;de;Klasse i Skelett;deepl;tag;2025-12-08 19:51:56
classe i squelettique,classe 1 squelettique,classe i squelettique,anb=0°,anb =0°,anb= 0°,anb = 0°,anb=1°,anb =1°,anb= 1°,anb = 1°,anb=2°,anb =2°,anb= 2°,anb = 2°,anb=3°,anb =3°,anb= 3°,anb = 3°,anb=4°,anb =4°,anb= 4°,anb = 4°;Anb=0°;de;Anb=0°;deepl;tag;2025-12-08 19:51:56
classe i squelettique,classe 1 squelettique,classe i squelettique,anb=0°,anb =0°,anb= 0°,anb = 0°,anb=1°,anb =1°,anb= 1°,anb = 1°,anb=2°,anb =2°,anb= 2°,anb = 2°,anb=3°,anb =3°,anb= 3°,anb = 3°,anb=4°,anb =4°,anb= 4°,anb = 4°;Anb =0°;de;Anb =0°;deepl;tag;2025-12-08 19:51:56
classe i squelettique,classe 1 squelettique,classe i squelettique,anb=0°,anb =0°,anb= 0°,anb = 0°,anb=1°,anb =1°,anb= 1°,anb = 1°,anb=2°,anb =2°,anb= 2°,anb = 2°,anb=3°,anb =3°,anb= 3°,anb = 3°,anb=4°,anb =4°,anb= 4°,anb = 4°;Anb= 0°;de;Anb= 0°;deepl;tag;2025-12-08 19:51:56
classe i squelettique,classe 1 squelettique,classe i squelettique,anb=0°,anb =0°,anb= 0°,anb = 0°,anb=1°,anb =1°,anb= 1°,anb = 1°,anb=2°,anb =2°,anb= 2°,anb = 2°,anb=3°,anb =3°,anb= 3°,anb = 3°,anb=4°,anb =4°,anb= 4°,anb = 4°;Anb = 0°;de;Anb = 0°;deepl;tag;2025-12-08 19:51:56
classe i squelettique,classe 1 squelettique,classe i squelettique,anb=0°,anb =0°,anb= 0°,anb = 0°,anb=1°,anb =1°,anb= 1°,anb = 1°,anb=2°,anb =2°,anb= 2°,anb = 2°,anb=3°,anb =3°,anb= 3°,anb = 3°,anb=4°,anb =4°,anb= 4°,anb = 4°;Anb=1°;de;Anb=1°;deepl;tag;2025-12-08 19:51:56
classe i squelettique,classe 1 squelettique,classe i squelettique,anb=0°,anb =0°,anb= 0°,anb = 0°,anb=1°,anb =1°,anb= 1°,anb = 1°,anb=2°,anb =2°,anb= 2°,anb = 2°,anb=3°,anb =3°,anb= 3°,anb = 3°,anb=4°,anb =4°,anb= 4°,anb = 4°;Anb =1°;de;Anb =1°;deepl;tag;2025-12-08 19:51:56
classe i squelettique,classe 1 squelettique,classe i squelettique,anb=0°,anb =0°,anb= 0°,anb = 0°,anb=1°,anb =1°,anb= 1°,anb = 1°,anb=2°,anb =2°,anb= 2°,anb = 2°,anb=3°,anb =3°,anb= 3°,anb = 3°,anb=4°,anb =4°,anb= 4°,anb = 4°;Anb= 1°;de;Anb= 1°;deepl;tag;2025-12-08 19:51:56
classe i squelettique,classe 1 squelettique,classe i squelettique,anb=0°,anb =0°,anb= 0°,anb = 0°,anb=1°,anb =1°,anb= 1°,anb = 1°,anb=2°,anb =2°,anb= 2°,anb = 2°,anb=3°,anb =3°,anb= 3°,anb = 3°,anb=4°,anb =4°,anb= 4°,anb = 4°;Anb = 1°;de;Anb = 1°;deepl;tag;2025-12-08 19:51:56
classe i squelettique,classe 1 squelettique,classe i squelettique,anb=0°,anb =0°,anb= 0°,anb = 0°,anb=1°,anb =1°,anb= 1°,anb = 1°,anb=2°,anb =2°,anb= 2°,anb = 2°,anb=3°,anb =3°,anb= 3°,anb = 3°,anb=4°,anb =4°,anb= 4°,anb = 4°;Anb=2°;de;Anb=2°;deepl;tag;2025-12-08 19:51:56
classe i squelettique,classe 1 squelettique,classe i squelettique,anb=0°,anb =0°,anb= 0°,anb = 0°,anb=1°,anb =1°,anb= 1°,anb = 1°,anb=2°,anb =2°,anb= 2°,anb = 2°,anb=3°,anb =3°,anb= 3°,anb = 3°,anb=4°,anb =4°,anb= 4°,anb = 4°;Anb =2°;de;Anb =2°;deepl;tag;2025-12-08 19:51:56
classe i squelettique,classe 1 squelettique,classe i squelettique,anb=0°,anb =0°,anb= 0°,anb = 0°,anb=1°,anb =1°,anb= 1°,anb = 1°,anb=2°,anb =2°,anb= 2°,anb = 2°,anb=3°,anb =3°,anb= 3°,anb = 3°,anb=4°,anb =4°,anb= 4°,anb = 4°;Anb= 2°;de;Anb= 2°;deepl;tag;2025-12-08 19:51:56
classe i squelettique,classe 1 squelettique,classe i squelettique,anb=0°,anb =0°,anb= 0°,anb = 0°,anb=1°,anb =1°,anb= 1°,anb = 1°,anb=2°,anb =2°,anb= 2°,anb = 2°,anb=3°,anb =3°,anb= 3°,anb = 3°,anb=4°,anb =4°,anb= 4°,anb = 4°;Anb = 2°;de;Anb = 2°;deepl;tag;2025-12-08 19:51:56
classe i squelettique,classe 1 squelettique,classe i squelettique,anb=0°,anb =0°,anb= 0°,anb = 0°,anb=1°,anb =1°,anb= 1°,anb = 1°,anb=2°,anb =2°,anb= 2°,anb = 2°,anb=3°,anb =3°,anb= 3°,anb = 3°,anb=4°,anb =4°,anb= 4°,anb = 4°;Anb=3°;de;Anb=3°;deepl;tag;2025-12-08 19:51:56
classe i squelettique,classe 1 squelettique,classe i squelettique,anb=0°,anb =0°,anb= 0°,anb = 0°,anb=1°,anb =1°,anb= 1°,anb = 1°,anb=2°,anb =2°,anb= 2°,anb = 2°,anb=3°,anb =3°,anb= 3°,anb = 3°,anb=4°,anb =4°,anb= 4°,anb = 4°;Anb =3°;de;Anb =3°;deepl;tag;2025-12-08 19:51:56
classe i squelettique,classe 1 squelettique,classe i squelettique,anb=0°,anb =0°,anb= 0°,anb = 0°,anb=1°,anb =1°,anb= 1°,anb = 1°,anb=2°,anb =2°,anb= 2°,anb = 2°,anb=3°,anb =3°,anb= 3°,anb = 3°,anb=4°,anb =4°,anb= 4°,anb = 4°;Anb= 3°;de;Anb= 3°;deepl;tag;2025-12-08 19:51:56
classe i squelettique,classe 1 squelettique,classe i squelettique,anb=0°,anb =0°,anb= 0°,anb = 0°,anb=1°,anb =1°,anb= 1°,anb = 1°,anb=2°,anb =2°,anb= 2°,anb = 2°,anb=3°,anb =3°,anb= 3°,anb = 3°,anb=4°,anb =4°,anb= 4°,anb = 4°;Anb = 3°;de;Anb = 3°;deepl;tag;2025-12-08 19:51:56
classe i squelettique,classe 1 squelettique,classe i squelettique,anb=0°,anb =0°,anb= 0°,anb = 0°,anb=1°,anb =1°,anb= 1°,anb = 1°,anb=2°,anb =2°,anb= 2°,anb = 2°,anb=3°,anb =3°,anb= 3°,anb = 3°,anb=4°,anb =4°,anb= 4°,anb = 4°;Anb=4°;de;Anb=4°;deepl;tag;2025-12-08 19:51:56
classe i squelettique,classe 1 squelettique,classe i squelettique,anb=0°,anb =0°,anb= 0°,anb = 0°,anb=1°,anb =1°,anb= 1°,anb = 1°,anb=2°,anb =2°,anb= 2°,anb = 2°,anb=3°,anb =3°,anb= 3°,anb = 3°,anb=4°,anb =4°,anb= 4°,anb = 4°;Anb =4°;de;Anb =4°;deepl;tag;2025-12-08 19:51:56
classe i squelettique,classe 1 squelettique,classe i squelettique,anb=0°,anb =0°,anb= 0°,anb = 0°,anb=1°,anb =1°,anb= 1°,anb = 1°,anb=2°,anb =2°,anb= 2°,anb = 2°,anb=3°,anb =3°,anb= 3°,anb = 3°,anb=4°,anb =4°,anb= 4°,anb = 4°;Anb= 4°;de;Anb= 4°;deepl;tag;2025-12-08 19:51:56
classe i squelettique,classe 1 squelettique,classe i squelettique,anb=0°,anb =0°,anb= 0°,anb = 0°,anb=1°,anb =1°,anb= 1°,anb = 1°,anb=2°,anb =2°,anb= 2°,anb = 2°,anb=3°,anb =3°,anb= 3°,anb = 3°,anb=4°,anb =4°,anb= 4°,anb = 4°;Anb = 4°;de;Anb = 4°;deepl;tag;2025-12-08 19:51:56
classe i squelettique,classe 1 squelettique,classe i squelettique,anb=0°,anb =0°,anb= 0°,anb = 0°,anb=1°,anb =1°,anb= 1°,anb = 1°,anb=2°,anb =2°,anb= 2°,anb = 2°,anb=3°,anb =3°,anb= 3°,anb = 3°,anb=4°,anb =4°,anb= 4°,anb = 4°;idéale;de;ideal;deepl;adjectif;2025-12-08 19:51:56
classe i squelettique,classe 1 squelettique,classe i squelettique,anb=0°,anb =0°,anb= 0°,anb = 0°,anb=1°,anb =1°,anb= 1°,anb = 1°,anb=2°,anb =2°,anb= 2°,anb = 2°,anb=3°,anb =3°,anb= 3°,anb = 3°,anb=4°,anb =4°,anb= 4°,anb = 4°;parfaite;de;perfekt;deepl;adjectif;2025-12-08 19:51:56
classe i squelettique,classe 1 squelettique,classe i squelettique,anb=0°,anb =0°,anb= 0°,anb = 0°,anb=1°,anb =1°,anb= 1°,anb = 1°,anb=2°,anb =2°,anb= 2°,anb = 2°,anb=3°,anb =3°,anb= 3°,anb = 3°,anb=4°,anb =4°,anb= 4°,anb = 4°;harmonieuse;de;harmonisch;deepl;adjectif;2025-12-08 19:51:56
classe i squelettique,classe 1 squelettique,classe i squelettique,anb=0°,anb =0°,anb= 0°,anb = 0°,anb=1°,anb =1°,anb= 1°,anb = 1°,anb=2°,anb =2°,anb= 2°,anb = 2°,anb=3°,anb =3°,anb= 3°,anb = 3°,anb=4°,anb =4°,anb= 4°,anb = 4°;Classe I squelettique;th;โครงกระดูกประเภทที่ 1;deepl;tag;2025-12-08 19:51:56
classe i squelettique,classe 1 squelettique,classe i squelettique,anb=0°,anb =0°,anb= 0°,anb = 0°,anb=1°,anb =1°,anb= 1°,anb = 1°,anb=2°,anb =2°,anb= 2°,anb = 2°,anb=3°,anb =3°,anb= 3°,anb = 3°,anb=4°,anb =4°,anb= 4°,anb = 4°;classe 1 squelettique;th;โครงกระดูกชั้นที่ 1;deepl;tag;2025-12-08 19:51:56
classe i squelettique,classe 1 squelettique,classe i squelettique,anb=0°,anb =0°,anb= 0°,anb = 0°,anb=1°,anb =1°,anb= 1°,anb = 1°,anb=2°,anb =2°,anb= 2°,anb = 2°,anb=3°,anb =3°,anb= 3°,anb = 3°,anb=4°,anb =4°,anb= 4°,anb = 4°;classe i squelettique;th;โครงกระดูกประเภทที่ 1;deepl;tag;2025-12-08 19:51:56
classe i squelettique,classe 1 squelettique,classe i squelettique,anb=0°,anb =0°,anb= 0°,anb = 0°,anb=1°,anb =1°,anb= 1°,anb = 1°,anb=2°,anb =2°,anb= 2°,anb = 2°,anb=3°,anb =3°,anb= 3°,anb = 3°,anb=4°,anb =4°,anb= 4°,anb = 4°;Anb=0°;th;Anb=0°;deepl;tag;2025-12-08 19:51:56
classe i squelettique,classe 1 squelettique,classe i squelettique,anb=0°,anb =0°,anb= 0°,anb = 0°,anb=1°,anb =1°,anb= 1°,anb = 1°,anb=2°,anb =2°,anb= 2°,anb = 2°,anb=3°,anb =3°,anb= 3°,anb = 3°,anb=4°,anb =4°,anb= 4°,anb = 4°;Anb =0°;th;Anb = 0°;deepl;tag;2025-12-08 19:51:56
classe i squelettique,classe 1 squelettique,classe i squelettique,anb=0°,anb =0°,anb= 0°,anb = 0°,anb=1°,anb =1°,anb= 1°,anb = 1°,anb=2°,anb =2°,anb= 2°,anb = 2°,anb=3°,anb =3°,anb= 3°,anb = 3°,anb=4°,anb =4°,anb= 4°,anb = 4°;Anb= 0°;th;Anb = 0°;deepl;tag;2025-12-08 19:51:56
classe i squelettique,classe 1 squelettique,classe i squelettique,anb=0°,anb =0°,anb= 0°,anb = 0°,anb=1°,anb =1°,anb= 1°,anb = 1°,anb=2°,anb =2°,anb= 2°,anb = 2°,anb=3°,anb =3°,anb= 3°,anb = 3°,anb=4°,anb =4°,anb= 4°,anb = 4°;Anb = 0°;th;Anb = 0°;deepl;tag;2025-12-08 19:51:56
classe i squelettique,classe 1 squelettique,classe i squelettique,anb=0°,anb =0°,anb= 0°,anb = 0°,anb=1°,anb =1°,anb= 1°,anb = 1°,anb=2°,anb =2°,anb= 2°,anb = 2°,anb=3°,anb =3°,anb= 3°,anb = 3°,anb=4°,anb =4°,anb= 4°,anb = 4°;Anb=1°;th;Anb=1°;deepl;tag;2025-12-08 19:51:56
classe i squelettique,classe 1 squelettique,classe i squelettique,anb=0°,anb =0°,anb= 0°,anb = 0°,anb=1°,anb =1°,anb= 1°,anb = 1°,anb=2°,anb =2°,anb= 2°,anb = 2°,anb=3°,anb =3°,anb= 3°,anb = 3°,anb=4°,anb =4°,anb= 4°,anb = 4°;Anb =1°;th;Anb = 1°;deepl;tag;2025-12-08 19:51:56
classe i squelettique,classe 1 squelettique,classe i squelettique,anb=0°,anb =0°,anb= 0°,anb = 0°,anb=1°,anb =1°,anb= 1°,anb = 1°,anb=2°,anb =2°,anb= 2°,anb = 2°,anb=3°,anb =3°,anb= 3°,anb = 3°,anb=4°,anb =4°,anb= 4°,anb = 4°;Anb= 1°;th;Anb = 1°;deepl;tag;2025-12-08 19:51:56
classe i squelettique,classe 1 squelettique,classe i squelettique,anb=0°,anb =0°,anb= 0°,anb = 0°,anb=1°,anb =1°,anb= 1°,anb = 1°,anb=2°,anb =2°,anb= 2°,anb = 2°,anb=3°,anb =3°,anb= 3°,anb = 3°,anb=4°,anb =4°,anb= 4°,anb = 4°;Anb = 1°;th;Anb = 1°;deepl;tag;2025-12-08 19:51:56
classe i squelettique,classe 1 squelettique,classe i squelettique,anb=0°,anb =0°,anb= 0°,anb = 0°,anb=1°,anb =1°,anb= 1°,anb = 1°,anb=2°,anb =2°,anb= 2°,anb = 2°,anb=3°,anb =3°,anb= 3°,anb = 3°,anb=4°,anb =4°,anb= 4°,anb = 4°;Anb=2°;th;Anb=2°;deepl;tag;2025-12-08 19:51:56
classe i squelettique,classe 1 squelettique,classe i squelettique,anb=0°,anb =0°,anb= 0°,anb = 0°,anb=1°,anb =1°,anb= 1°,anb = 1°,anb=2°,anb =2°,anb= 2°,anb = 2°,anb=3°,anb =3°,anb= 3°,anb = 3°,anb=4°,anb =4°,anb= 4°,anb = 4°;Anb =2°;th;Anb = 2°;deepl;tag;2025-12-08 19:51:56
classe i squelettique,classe 1 squelettique,classe i squelettique,anb=0°,anb =0°,anb= 0°,anb = 0°,anb=1°,anb =1°,anb= 1°,anb = 1°,anb=2°,anb =2°,anb= 2°,anb = 2°,anb=3°,anb =3°,anb= 3°,anb = 3°,anb=4°,anb =4°,anb= 4°,anb = 4°;Anb= 2°;th;Anb = 2°;deepl;tag;2025-12-08 19:51:56
classe i squelettique,classe 1 squelettique,classe i squelettique,anb=0°,anb =0°,anb= 0°,anb = 0°,anb=1°,anb =1°,anb= 1°,anb = 1°,anb=2°,anb =2°,anb= 2°,anb = 2°,anb=3°,anb =3°,anb= 3°,anb = 3°,anb=4°,anb =4°,anb= 4°,anb = 4°;Anb = 2°;th;Anb = 2°;deepl;tag;2025-12-08 19:51:56
classe i squelettique,classe 1 squelettique,classe i squelettique,anb=0°,anb =0°,anb= 0°,anb = 0°,anb=1°,anb =1°,anb= 1°,anb = 1°,anb=2°,anb =2°,anb= 2°,anb = 2°,anb=3°,anb =3°,anb= 3°,anb = 3°,anb=4°,anb =4°,anb= 4°,anb = 4°;Anb=3°;th;Anb=3°;deepl;tag;2025-12-08 19:51:56
classe i squelettique,classe 1 squelettique,classe i squelettique,anb=0°,anb =0°,anb= 0°,anb = 0°,anb=1°,anb =1°,anb= 1°,anb = 1°,anb=2°,anb =2°,anb= 2°,anb = 2°,anb=3°,anb =3°,anb= 3°,anb = 3°,anb=4°,anb =4°,anb= 4°,anb = 4°;Anb =3°;th;Anb = 3°;deepl;tag;2025-12-08 19:51:56
classe i squelettique,classe 1 squelettique,classe i squelettique,anb=0°,anb =0°,anb= 0°,anb = 0°,anb=1°,anb =1°,anb= 1°,anb = 1°,anb=2°,anb =2°,anb= 2°,anb = 2°,anb=3°,anb =3°,anb= 3°,anb = 3°,anb=4°,anb =4°,anb= 4°,anb = 4°;Anb= 3°;th;Anb = 3°;deepl;tag;2025-12-08 19:51:56
classe i squelettique,classe 1 squelettique,classe i squelettique,anb=0°,anb =0°,anb= 0°,anb = 0°,anb=1°,anb =1°,anb= 1°,anb = 1°,anb=2°,anb =2°,anb= 2°,anb = 2°,anb=3°,anb =3°,anb= 3°,anb = 3°,anb=4°,anb =4°,anb= 4°,anb = 4°;Anb = 3°;th;Anb = 3°;deepl;tag;2025-12-08 19:51:56
classe i squelettique,classe 1 squelettique,classe i squelettique,anb=0°,anb =0°,anb= 0°,anb = 0°,anb=1°,anb =1°,anb= 1°,anb = 1°,anb=2°,anb =2°,anb= 2°,anb = 2°,anb=3°,anb =3°,anb= 3°,anb = 3°,anb=4°,anb =4°,anb= 4°,anb = 4°;Anb=4°;th;Anb=4°;deepl;tag;2025-12-08 19:51:56
classe i squelettique,classe 1 squelettique,classe i squelettique,anb=0°,anb =0°,anb= 0°,anb = 0°,anb=1°,anb =1°,anb= 1°,anb = 1°,anb=2°,anb =2°,anb= 2°,anb = 2°,anb=3°,anb =3°,anb= 3°,anb = 3°,anb=4°,anb =4°,anb= 4°,anb = 4°;Anb =4°;th;Anb = 4°;deepl;tag;2025-12-08 19:51:56
classe i squelettique,classe 1 squelettique,classe i squelettique,anb=0°,anb =0°,anb= 0°,anb = 0°,anb=1°,anb =1°,anb= 1°,anb = 1°,anb=2°,anb =2°,anb= 2°,anb = 2°,anb=3°,anb =3°,anb= 3°,anb = 3°,anb=4°,anb =4°,anb= 4°,anb = 4°;Anb= 4°;th;Anb = 4°;deepl;tag;2025-12-08 19:51:56
classe i squelettique,classe 1 squelettique,classe i squelettique,anb=0°,anb =0°,anb= 0°,anb = 0°,anb=1°,anb =1°,anb= 1°,anb = 1°,anb=2°,anb =2°,anb= 2°,anb = 2°,anb=3°,anb =3°,anb= 3°,anb = 3°,anb=4°,anb =4°,anb= 4°,anb = 4°;Anb = 4°;th;Anb = 4°;deepl;tag;2025-12-08 19:51:56
classe i squelettique,classe 1 squelettique,classe i squelettique,anb=0°,anb =0°,anb= 0°,anb = 0°,anb=1°,anb =1°,anb= 1°,anb = 1°,anb=2°,anb =2°,anb= 2°,anb = 2°,anb=3°,anb =3°,anb= 3°,anb = 3°,anb=4°,anb =4°,anb= 4°,anb = 4°;idéale;th;เหมาะสมที่สุด;deepl;adjectif;2025-12-08 19:51:56
classe i squelettique,classe 1 squelettique,classe i squelettique,anb=0°,anb =0°,anb= 0°,anb = 0°,anb=1°,anb =1°,anb= 1°,anb = 1°,anb=2°,anb =2°,anb= 2°,anb = 2°,anb=3°,anb =3°,anb= 3°,anb = 3°,anb=4°,anb =4°,anb= 4°,anb = 4°;parfaite;th;สมบูรณ์แบบ;deepl;adjectif;2025-12-08 19:51:56
classe i squelettique,classe 1 squelettique,classe i squelettique,anb=0°,anb =0°,anb= 0°,anb = 0°,anb=1°,anb =1°,anb= 1°,anb = 1°,anb=2°,anb =2°,anb= 2°,anb = 2°,anb=3°,anb =3°,anb= 3°,anb = 3°,anb=4°,anb =4°,anb= 4°,anb = 4°;harmonieuse;th;กลมกลืน;deepl;adjectif;2025-12-08 19:51:56
classe ii squelettique,classe 2 squelettique,classe ii squelettique,anb>4°,anb >4°,anb> 4°,anb > 4°;Classe II squelettique;en;Class II skeletal;deepl;tag;2025-12-08 19:51:56
classe ii squelettique,classe 2 squelettique,classe ii squelettique,anb>4°,anb >4°,anb> 4°,anb > 4°;classe 2 squelettique;en;class 2 skeletal;deepl;tag;2025-12-08 19:51:56
classe ii squelettique,classe 2 squelettique,classe ii squelettique,anb>4°,anb >4°,anb> 4°,anb > 4°;classe ii squelettique;en;class ii skeletal;deepl;tag;2025-12-08 19:51:56
classe ii squelettique,classe 2 squelettique,classe ii squelettique,anb>4°,anb >4°,anb> 4°,anb > 4°;Anb>4°;en;Anb>4;deepl;tag;2025-12-08 19:51:56
classe ii squelettique,classe 2 squelettique,classe ii squelettique,anb>4°,anb >4°,anb> 4°,anb > 4°;Anb >4°;en;Anb >4;deepl;tag;2025-12-08 19:51:56
classe ii squelettique,classe 2 squelettique,classe ii squelettique,anb>4°,anb >4°,anb> 4°,anb > 4°;Anb> 4°;en;Anb> 4;deepl;tag;2025-12-08 19:51:56
classe ii squelettique,classe 2 squelettique,classe ii squelettique,anb>4°,anb >4°,anb> 4°,anb > 4°;Anb > 4°;en;Anb > 4;deepl;tag;2025-12-08 19:51:56
classe ii squelettique,classe 2 squelettique,classe ii squelettique,anb>4°,anb >4°,anb> 4°,anb > 4°;division 1;en;division 1;deepl;adjectif;2025-12-08 19:51:56
classe ii squelettique,classe 2 squelettique,classe ii squelettique,anb>4°,anb >4°,anb> 4°,anb > 4°;div 1;en;div 1;deepl;adjectif;2025-12-08 19:51:56
classe ii squelettique,classe 2 squelettique,classe ii squelettique,anb>4°,anb >4°,anb> 4°,anb > 4°;div1;en;div1;deepl;adjectif;2025-12-08 19:51:56
classe ii squelettique,classe 2 squelettique,classe ii squelettique,anb>4°,anb >4°,anb> 4°,anb > 4°;division 2;en;division 2;deepl;adjectif;2025-12-08 19:51:56
classe ii squelettique,classe 2 squelettique,classe ii squelettique,anb>4°,anb >4°,anb> 4°,anb > 4°;div 2;en;div 2;deepl;adjectif;2025-12-08 19:51:56
classe ii squelettique,classe 2 squelettique,classe ii squelettique,anb>4°,anb >4°,anb> 4°,anb > 4°;div2;en;div2;deepl;adjectif;2025-12-08 19:51:56
classe ii squelettique,classe 2 squelettique,classe ii squelettique,anb>4°,anb >4°,anb> 4°,anb > 4°;Classe II squelettique;de;Skelettklasse II;deepl;tag;2025-12-08 19:51:56
classe ii squelettique,classe 2 squelettique,classe ii squelettique,anb>4°,anb >4°,anb> 4°,anb > 4°;classe 2 squelettique;de;Klasse 2 skelettartig;deepl;tag;2025-12-08 19:51:56
classe ii squelettique,classe 2 squelettique,classe ii squelettique,anb>4°,anb >4°,anb> 4°,anb > 4°;classe ii squelettique;de;Klasse ii skelett;deepl;tag;2025-12-08 19:51:56
classe ii squelettique,classe 2 squelettique,classe ii squelettique,anb>4°,anb >4°,anb> 4°,anb > 4°;Anb>4°;de;Anb>4°;deepl;tag;2025-12-08 19:51:56
classe ii squelettique,classe 2 squelettique,classe ii squelettique,anb>4°,anb >4°,anb> 4°,anb > 4°;Anb >4°;de;Anb >4°;deepl;tag;2025-12-08 19:51:56
classe ii squelettique,classe 2 squelettique,classe ii squelettique,anb>4°,anb >4°,anb> 4°,anb > 4°;Anb> 4°;de;Anb> 4°;deepl;tag;2025-12-08 19:51:56
classe ii squelettique,classe 2 squelettique,classe ii squelettique,anb>4°,anb >4°,anb> 4°,anb > 4°;Anb > 4°;de;Anb > 4°;deepl;tag;2025-12-08 19:51:56
classe ii squelettique,classe 2 squelettique,classe ii squelettique,anb>4°,anb >4°,anb> 4°,anb > 4°;division 1;de;Division 1;deepl;adjectif;2025-12-08 19:51:56
classe ii squelettique,classe 2 squelettique,classe ii squelettique,anb>4°,anb >4°,anb> 4°,anb > 4°;div 1;de;div 1;deepl;adjectif;2025-12-08 19:51:56
classe ii squelettique,classe 2 squelettique,classe ii squelettique,anb>4°,anb >4°,anb> 4°,anb > 4°;div1;de;div1;deepl;adjectif;2025-12-08 19:51:56
classe ii squelettique,classe 2 squelettique,classe ii squelettique,anb>4°,anb >4°,anb> 4°,anb > 4°;division 2;de;Abteilung 2;deepl;adjectif;2025-12-08 19:51:56
classe ii squelettique,classe 2 squelettique,classe ii squelettique,anb>4°,anb >4°,anb> 4°,anb > 4°;div 2;de;div 2;deepl;adjectif;2025-12-08 19:51:56
classe ii squelettique,classe 2 squelettique,classe ii squelettique,anb>4°,anb >4°,anb> 4°,anb > 4°;div2;de;div2;deepl;adjectif;2025-12-08 19:51:56
classe ii squelettique,classe 2 squelettique,classe ii squelettique,anb>4°,anb >4°,anb> 4°,anb > 4°;Classe II squelettique;th;โครงกระดูกประเภทที่ 2;deepl;tag;2025-12-08 19:51:56
classe ii squelettique,classe 2 squelettique,classe ii squelettique,anb>4°,anb >4°,anb> 4°,anb > 4°;classe 2 squelettique;th;ชั้นที่ 2 โครงกระดูก;deepl;tag;2025-12-08 19:51:56
classe ii squelettique,classe 2 squelettique,classe ii squelettique,anb>4°,anb >4°,anb> 4°,anb > 4°;classe ii squelettique;th;โครงกระดูกประเภทที่ 2;deepl;tag;2025-12-08 19:51:56
classe ii squelettique,classe 2 squelettique,classe ii squelettique,anb>4°,anb >4°,anb> 4°,anb > 4°;Anb>4°;th;Anb>4°;deepl;tag;2025-12-08 19:51:56
classe ii squelettique,classe 2 squelettique,classe ii squelettique,anb>4°,anb >4°,anb> 4°,anb > 4°;Anb >4°;th;Anb >4°;deepl;tag;2025-12-08 19:51:56
classe ii squelettique,classe 2 squelettique,classe ii squelettique,anb>4°,anb >4°,anb> 4°,anb > 4°;Anb> 4°;th;Anb> 4°;deepl;tag;2025-12-08 19:51:56
classe ii squelettique,classe 2 squelettique,classe ii squelettique,anb>4°,anb >4°,anb> 4°,anb > 4°;Anb > 4°;th;Anb > 4°;deepl;tag;2025-12-08 19:51:56
classe ii squelettique,classe 2 squelettique,classe ii squelettique,anb>4°,anb >4°,anb> 4°,anb > 4°;division 1;th;แผนก 1;deepl;adjectif;2025-12-08 19:51:56
classe ii squelettique,classe 2 squelettique,classe ii squelettique,anb>4°,anb >4°,anb> 4°,anb > 4°;div 1;th;div 1;deepl;adjectif;2025-12-08 19:51:56
classe ii squelettique,classe 2 squelettique,classe ii squelettique,anb>4°,anb >4°,anb> 4°,anb > 4°;div1;th;div1;deepl;adjectif;2025-12-08 19:51:56
classe ii squelettique,classe 2 squelettique,classe ii squelettique,anb>4°,anb >4°,anb> 4°,anb > 4°;division 2;th;แผนก 2;deepl;adjectif;2025-12-08 19:51:56
classe ii squelettique,classe 2 squelettique,classe ii squelettique,anb>4°,anb >4°,anb> 4°,anb > 4°;div 2;th;div 2;deepl;adjectif;2025-12-08 19:51:56
classe ii squelettique,classe 2 squelettique,classe ii squelettique,anb>4°,anb >4°,anb> 4°,anb > 4°;div2;th;div2;deepl;adjectif;2025-12-08 19:51:56
classe iii squelettique,classe 3 squelettique,classe iii squelettique,anb<0°,anb <0°,anb< 0°,anb < 0°;Classe III squelettique;en;Class III skeletal;deepl;tag;2025-12-08 19:51:56
classe iii squelettique,classe 3 squelettique,classe iii squelettique,anb<0°,anb <0°,anb< 0°,anb < 0°;classe 3 squelettique;en;class 3 skeletal;deepl;tag;2025-12-08 19:51:56
classe iii squelettique,classe 3 squelettique,classe iii squelettique,anb<0°,anb <0°,anb< 0°,anb < 0°;classe iii squelettique;en;class iii skeletal;deepl;tag;2025-12-08 19:51:56
classe iii squelettique,classe 3 squelettique,classe iii squelettique,anb<0°,anb <0°,anb< 0°,anb < 0°;Anb<0°;en;Anb<0;deepl;tag;2025-12-08 19:51:56
classe iii squelettique,classe 3 squelettique,classe iii squelettique,anb<0°,anb <0°,anb< 0°,anb < 0°;Anb <0°;en;Anb <0;deepl;tag;2025-12-08 19:51:56
classe iii squelettique,classe 3 squelettique,classe iii squelettique,anb<0°,anb <0°,anb< 0°,anb < 0°;Anb< 0°;en;Anb< 0;deepl;tag;2025-12-08 19:51:56
classe iii squelettique,classe 3 squelettique,classe iii squelettique,anb<0°,anb <0°,anb< 0°,anb < 0°;Anb < 0°;en;Anb < 0;deepl;tag;2025-12-08 19:51:56
classe iii squelettique,classe 3 squelettique,classe iii squelettique,anb<0°,anb <0°,anb< 0°,anb < 0°;Classe III squelettique;de;Skelettklasse III;deepl;tag;2025-12-08 19:51:56
classe iii squelettique,classe 3 squelettique,classe iii squelettique,anb<0°,anb <0°,anb< 0°,anb < 0°;classe 3 squelettique;de;Klasse 3 skelettartig;deepl;tag;2025-12-08 19:51:56
classe iii squelettique,classe 3 squelettique,classe iii squelettique,anb<0°,anb <0°,anb< 0°,anb < 0°;classe iii squelettique;de;Klasse iii skelettartig;deepl;tag;2025-12-08 19:51:56
classe iii squelettique,classe 3 squelettique,classe iii squelettique,anb<0°,anb <0°,anb< 0°,anb < 0°;Anb<0°;de;Anb<0°;deepl;tag;2025-12-08 19:51:56
classe iii squelettique,classe 3 squelettique,classe iii squelettique,anb<0°,anb <0°,anb< 0°,anb < 0°;Anb <0°;de;Anb <0°;deepl;tag;2025-12-08 19:51:56
classe iii squelettique,classe 3 squelettique,classe iii squelettique,anb<0°,anb <0°,anb< 0°,anb < 0°;Anb< 0°;de;Anb< 0°;deepl;tag;2025-12-08 19:51:56
classe iii squelettique,classe 3 squelettique,classe iii squelettique,anb<0°,anb <0°,anb< 0°,anb < 0°;Anb < 0°;de;Anb < 0°;deepl;tag;2025-12-08 19:51:56
classe iii squelettique,classe 3 squelettique,classe iii squelettique,anb<0°,anb <0°,anb< 0°,anb < 0°;Classe III squelettique;th;โครงกระดูกประเภทที่ 3;deepl;tag;2025-12-08 19:51:56
classe iii squelettique,classe 3 squelettique,classe iii squelettique,anb<0°,anb <0°,anb< 0°,anb < 0°;classe 3 squelettique;th;ชั้นที่ 3 โครงกระดูก;deepl;tag;2025-12-08 19:51:56
classe iii squelettique,classe 3 squelettique,classe iii squelettique,anb<0°,anb <0°,anb< 0°,anb < 0°;classe iii squelettique;th;โครงกระดูกประเภทที่ 3;deepl;tag;2025-12-08 19:51:56
classe iii squelettique,classe 3 squelettique,classe iii squelettique,anb<0°,anb <0°,anb< 0°,anb < 0°;Anb<0°;th;เอแอนด์บี<0°;deepl;tag;2025-12-08 19:51:56
classe iii squelettique,classe 3 squelettique,classe iii squelettique,anb<0°,anb <0°,anb< 0°,anb < 0°;Anb <0°;th;เอ็นบี <0°;deepl;tag;2025-12-08 19:51:56
classe iii squelettique,classe 3 squelettique,classe iii squelettique,anb<0°,anb <0°,anb< 0°,anb < 0°;Anb< 0°;th;Anb< 0°;deepl;tag;2025-12-08 19:51:56
classe iii squelettique,classe 3 squelettique,classe iii squelettique,anb<0°,anb <0°,anb< 0°,anb < 0°;Anb < 0°;th;Anb < 0°;deepl;tag;2025-12-08 19:51:56
retrognathie mandibulaire,retromandibulisme,retromandibulaire,mandibule en arriere,mandibule reculee,mandibule en retrait;rétrognathie mandibulaire;en;mandibular retrognathia;deepl;tag;2025-12-08 19:51:56
retrognathie mandibulaire,retromandibulisme,retromandibulaire,mandibule en arriere,mandibule reculee,mandibule en retrait;Rétromandibulisme;en;Retromandibulism;deepl;tag;2025-12-08 19:51:56
retrognathie mandibulaire,retromandibulisme,retromandibulaire,mandibule en arriere,mandibule reculee,mandibule en retrait;rétromandibulaire;en;retromandibular;deepl;tag;2025-12-08 19:51:56
retrognathie mandibulaire,retromandibulisme,retromandibulaire,mandibule en arriere,mandibule reculee,mandibule en retrait;mandibule en arrière;en;mandible backwards;deepl;tag;2025-12-08 19:51:56
retrognathie mandibulaire,retromandibulisme,retromandibulaire,mandibule en arriere,mandibule reculee,mandibule en retrait;mandibule reculée;en;receded mandible;deepl;tag;2025-12-08 19:51:56
retrognathie mandibulaire,retromandibulisme,retromandibulaire,mandibule en arriere,mandibule reculee,mandibule en retrait;mandibule en retrait;en;recessed mandible;deepl;tag;2025-12-08 19:51:56
retrognathie mandibulaire,retromandibulisme,retromandibulaire,mandibule en arriere,mandibule reculee,mandibule en retrait;sévère;en;severe;deepl;adjectif;2025-12-08 19:51:56
retrognathie mandibulaire,retromandibulisme,retromandibulaire,mandibule en arriere,mandibule reculee,mandibule en retrait;grave;en;serious;deepl;adjectif;2025-12-08 19:51:56
retrognathie mandibulaire,retromandibulisme,retromandibulaire,mandibule en arriere,mandibule reculee,mandibule en retrait;marquée;en;marked;deepl;adjectif;2025-12-08 19:51:56
retrognathie mandibulaire,retromandibulisme,retromandibulaire,mandibule en arriere,mandibule reculee,mandibule en retrait;importante;en;important;deepl;adjectif;2025-12-08 19:51:56
retrognathie mandibulaire,retromandibulisme,retromandibulaire,mandibule en arriere,mandibule reculee,mandibule en retrait;majeure;en;major;deepl;adjectif;2025-12-08 19:51:56
retrognathie mandibulaire,retromandibulisme,retromandibulaire,mandibule en arriere,mandibule reculee,mandibule en retrait;modérée;en;moderate;deepl;adjectif;2025-12-08 19:51:56
retrognathie mandibulaire,retromandibulisme,retromandibulaire,mandibule en arriere,mandibule reculee,mandibule en retrait;légère;en;slight;deepl;adjectif;2025-12-08 19:51:56
retrognathie mandibulaire,retromandibulisme,retromandibulaire,mandibule en arriere,mandibule reculee,mandibule en retrait;bénigne;en;benign;deepl;adjectif;2025-12-08 19:51:56
retrognathie mandibulaire,retromandibulisme,retromandibulaire,mandibule en arriere,mandibule reculee,mandibule en retrait;rétrognathie mandibulaire;de;mandibuläre Retrognathie;deepl;tag;2025-12-08 19:51:56
retrognathie mandibulaire,retromandibulisme,retromandibulaire,mandibule en arriere,mandibule reculee,mandibule en retrait;Rétromandibulisme;de;Rétromandibulismus;deepl;tag;2025-12-08 19:51:56
retrognathie mandibulaire,retromandibulisme,retromandibulaire,mandibule en arriere,mandibule reculee,mandibule en retrait;rétromandibulaire;de;retromandibular;deepl;tag;2025-12-08 19:51:56
retrognathie mandibulaire,retromandibulisme,retromandibulaire,mandibule en arriere,mandibule reculee,mandibule en retrait;mandibule en arrière;de;Unterkiefer nach hinten;deepl;tag;2025-12-08 19:51:56
retrognathie mandibulaire,retromandibulisme,retromandibulaire,mandibule en arriere,mandibule reculee,mandibule en retrait;mandibule reculée;de;zurückliegender Unterkiefer;deepl;tag;2025-12-08 19:51:56
retrognathie mandibulaire,retromandibulisme,retromandibulaire,mandibule en arriere,mandibule reculee,mandibule en retrait;mandibule en retrait;de;zurückliegender Unterkiefer;deepl;tag;2025-12-08 19:51:56
retrognathie mandibulaire,retromandibulisme,retromandibulaire,mandibule en arriere,mandibule reculee,mandibule en retrait;sévère;de;schwer;deepl;adjectif;2025-12-08 19:51:56
retrognathie mandibulaire,retromandibulisme,retromandibulaire,mandibule en arriere,mandibule reculee,mandibule en retrait;grave;de;ernst;deepl;adjectif;2025-12-08 19:51:56
retrognathie mandibulaire,retromandibulisme,retromandibulaire,mandibule en arriere,mandibule reculee,mandibule en retrait;marquée;de;markiert;deepl;adjectif;2025-12-08 19:51:56
retrognathie mandibulaire,retromandibulisme,retromandibulaire,mandibule en arriere,mandibule reculee,mandibule en retrait;importante;de;wichtig;deepl;adjectif;2025-12-08 19:51:56
retrognathie mandibulaire,retromandibulisme,retromandibulaire,mandibule en arriere,mandibule reculee,mandibule en retrait;majeure;de;Major;deepl;adjectif;2025-12-08 19:51:56
retrognathie mandibulaire,retromandibulisme,retromandibulaire,mandibule en arriere,mandibule reculee,mandibule en retrait;modérée;de;mäßig;deepl;adjectif;2025-12-08 19:51:56
retrognathie mandibulaire,retromandibulisme,retromandibulaire,mandibule en arriere,mandibule reculee,mandibule en retrait;légère;de;leicht;deepl;adjectif;2025-12-08 19:51:56
retrognathie mandibulaire,retromandibulisme,retromandibulaire,mandibule en arriere,mandibule reculee,mandibule en retrait;bénigne;de;gutartig;deepl;adjectif;2025-12-08 19:51:56
retrognathie mandibulaire,retromandibulisme,retromandibulaire,mandibule en arriere,mandibule reculee,mandibule en retrait;rétrognathie mandibulaire;th;ภาวะขากรรไกรล่างถอย;deepl;tag;2025-12-08 19:51:56
retrognathie mandibulaire,retromandibulisme,retromandibulaire,mandibule en arriere,mandibule reculee,mandibule en retrait;Rétromandibulisme;th;ภาวะต่อมน้ำเหลืองหลังขากรรไกรล่าง;deepl;tag;2025-12-08 19:51:56
retrognathie mandibulaire,retromandibulisme,retromandibulaire,mandibule en arriere,mandibule reculee,mandibule en retrait;rétromandibulaire;th;ใต้ขากรรไกรล่าง;deepl;tag;2025-12-08 19:51:56
retrognathie mandibulaire,retromandibulisme,retromandibulaire,mandibule en arriere,mandibule reculee,mandibule en retrait;mandibule en arrière;th;ขากรรไกรล่าง;deepl;tag;2025-12-08 19:51:56
retrognathie mandibulaire,retromandibulisme,retromandibulaire,mandibule en arriere,mandibule reculee,mandibule en retrait;mandibule reculée;th;ขากรรไกรหดตัว;deepl;tag;2025-12-08 19:51:56
retrognathie mandibulaire,retromandibulisme,retromandibulaire,mandibule en arriere,mandibule reculee,mandibule en retrait;mandibule en retrait;th;ขากรรไกรหดตัว;deepl;tag;2025-12-08 19:51:56
retrognathie mandibulaire,retromandibulisme,retromandibulaire,mandibule en arriere,mandibule reculee,mandibule en retrait;sévère;th;รุนแรง;deepl;adjectif;2025-12-08 19:51:56
retrognathie mandibulaire,retromandibulisme,retromandibulaire,mandibule en arriere,mandibule reculee,mandibule en retrait;grave;th;จริงจัง;deepl;adjectif;2025-12-08 19:51:56
retrognathie mandibulaire,retromandibulisme,retromandibulaire,mandibule en arriere,mandibule reculee,mandibule en retrait;marquée;th;ทำเครื่องหมายไว้;deepl;adjectif;2025-12-08 19:51:56
retrognathie mandibulaire,retromandibulisme,retromandibulaire,mandibule en arriere,mandibule reculee,mandibule en retrait;importante;th;สำคัญ;deepl;adjectif;2025-12-08 19:51:56
retrognathie mandibulaire,retromandibulisme,retromandibulaire,mandibule en arriere,mandibule reculee,mandibule en retrait;majeure;th;หลัก;deepl;adjectif;2025-12-08 19:51:56
retrognathie mandibulaire,retromandibulisme,retromandibulaire,mandibule en arriere,mandibule reculee,mandibule en retrait;modérée;th;ปานกลาง;deepl;adjectif;2025-12-08 19:51:56
retrognathie mandibulaire,retromandibulisme,retromandibulaire,mandibule en arriere,mandibule reculee,mandibule en retrait;légère;th;แสง;deepl;adjectif;2025-12-08 19:51:56
retrognathie mandibulaire,retromandibulisme,retromandibulaire,mandibule en arriere,mandibule reculee,mandibule en retrait;bénigne;th;ไม่ร้ายแรง;deepl;adjectif;2025-12-08 19:51:56
retrognathie maxillaire,retromaxillaire,maxillaire en arriere,maxillaire recule,maxillaire en retrait;rétrognathie maxillaire;en;maxillary retrognathia;deepl;tag;2025-12-08 19:51:56
retrognathie maxillaire,retromaxillaire,maxillaire en arriere,maxillaire recule,maxillaire en retrait;rétromaxillaire;en;retromaxillary;deepl;tag;2025-12-08 19:51:56
retrognathie maxillaire,retromaxillaire,maxillaire en arriere,maxillaire recule,maxillaire en retrait;maxillaire en arrière;en;maxilla backwards;deepl;tag;2025-12-08 19:51:56
retrognathie maxillaire,retromaxillaire,maxillaire en arriere,maxillaire recule,maxillaire en retrait;maxillaire reculé;en;receded maxilla;deepl;tag;2025-12-08 19:51:56
retrognathie maxillaire,retromaxillaire,maxillaire en arriere,maxillaire recule,maxillaire en retrait;maxillaire en retrait;en;recessed maxilla;deepl;tag;2025-12-08 19:51:56
retrognathie maxillaire,retromaxillaire,maxillaire en arriere,maxillaire recule,maxillaire en retrait;sévère;en;severe;deepl;adjectif;2025-12-08 19:51:56
retrognathie maxillaire,retromaxillaire,maxillaire en arriere,maxillaire recule,maxillaire en retrait;grave;en;serious;deepl;adjectif;2025-12-08 19:51:56
retrognathie maxillaire,retromaxillaire,maxillaire en arriere,maxillaire recule,maxillaire en retrait;marqué;en;marked;deepl;adjectif;2025-12-08 19:51:56
retrognathie maxillaire,retromaxillaire,maxillaire en arriere,maxillaire recule,maxillaire en retrait;important;en;important;deepl;adjectif;2025-12-08 19:51:56
retrognathie maxillaire,retromaxillaire,maxillaire en arriere,maxillaire recule,maxillaire en retrait;majeur;en;major;deepl;adjectif;2025-12-08 19:51:56
retrognathie maxillaire,retromaxillaire,maxillaire en arriere,maxillaire recule,maxillaire en retrait;modéré;en;moderate;deepl;adjectif;2025-12-08 19:51:56
retrognathie maxillaire,retromaxillaire,maxillaire en arriere,maxillaire recule,maxillaire en retrait;léger;en;light;deepl;adjectif;2025-12-08 19:51:56
retrognathie maxillaire,retromaxillaire,maxillaire en arriere,maxillaire recule,maxillaire en retrait;bénin;en;benin;deepl;adjectif;2025-12-08 19:51:56
retrognathie maxillaire,retromaxillaire,maxillaire en arriere,maxillaire recule,maxillaire en retrait;rétrognathie maxillaire;de;maxilläre Retrognathie;deepl;tag;2025-12-08 19:51:56
retrognathie maxillaire,retromaxillaire,maxillaire en arriere,maxillaire recule,maxillaire en retrait;rétromaxillaire;de;retromaxillär;deepl;tag;2025-12-08 19:51:56
retrognathie maxillaire,retromaxillaire,maxillaire en arriere,maxillaire recule,maxillaire en retrait;maxillaire en arrière;de;Oberkiefer nach hinten;deepl;tag;2025-12-08 19:51:56
retrognathie maxillaire,retromaxillaire,maxillaire en arriere,maxillaire recule,maxillaire en retrait;maxillaire reculé;de;zurückgezogener Oberkiefer;deepl;tag;2025-12-08 19:51:56
retrognathie maxillaire,retromaxillaire,maxillaire en arriere,maxillaire recule,maxillaire en retrait;maxillaire en retrait;de;zurückliegender Oberkiefer;deepl;tag;2025-12-08 19:51:56
retrognathie maxillaire,retromaxillaire,maxillaire en arriere,maxillaire recule,maxillaire en retrait;sévère;de;schwer;deepl;adjectif;2025-12-08 19:51:56
retrognathie maxillaire,retromaxillaire,maxillaire en arriere,maxillaire recule,maxillaire en retrait;grave;de;ernst;deepl;adjectif;2025-12-08 19:51:56
retrognathie maxillaire,retromaxillaire,maxillaire en arriere,maxillaire recule,maxillaire en retrait;marqué;de;markiert;deepl;adjectif;2025-12-08 19:51:56
retrognathie maxillaire,retromaxillaire,maxillaire en arriere,maxillaire recule,maxillaire en retrait;important;de;wichtig;deepl;adjectif;2025-12-08 19:51:56
retrognathie maxillaire,retromaxillaire,maxillaire en arriere,maxillaire recule,maxillaire en retrait;majeur;de;volljährig;deepl;adjectif;2025-12-08 19:51:56
retrognathie maxillaire,retromaxillaire,maxillaire en arriere,maxillaire recule,maxillaire en retrait;modéré;de;mäßig;deepl;adjectif;2025-12-08 19:51:56
retrognathie maxillaire,retromaxillaire,maxillaire en arriere,maxillaire recule,maxillaire en retrait;léger;de;leicht;deepl;adjectif;2025-12-08 19:51:56
retrognathie maxillaire,retromaxillaire,maxillaire en arriere,maxillaire recule,maxillaire en retrait;bénin;de;benin;deepl;adjectif;2025-12-08 19:51:56
retrognathie maxillaire,retromaxillaire,maxillaire en arriere,maxillaire recule,maxillaire en retrait;rétrognathie maxillaire;th;ภาวะขากรรไกรบนถอยหลัง;deepl;tag;2025-12-08 19:51:56
retrognathie maxillaire,retromaxillaire,maxillaire en arriere,maxillaire recule,maxillaire en retrait;rétromaxillaire;th;หลังขากรรไกรล่าง;deepl;tag;2025-12-08 19:51:56
retrognathie maxillaire,retromaxillaire,maxillaire en arriere,maxillaire recule,maxillaire en retrait;maxillaire en arrière;th;ขากรรไกรหดตัว;deepl;tag;2025-12-08 19:51:56
retrognathie maxillaire,retromaxillaire,maxillaire en arriere,maxillaire recule,maxillaire en retrait;maxillaire reculé;th;ขากรรไกรหดตัว;deepl;tag;2025-12-08 19:51:56
retrognathie maxillaire,retromaxillaire,maxillaire en arriere,maxillaire recule,maxillaire en retrait;maxillaire en retrait;th;ขากรรไกรหดตัว;deepl;tag;2025-12-08 19:51:56
retrognathie maxillaire,retromaxillaire,maxillaire en arriere,maxillaire recule,maxillaire en retrait;sévère;th;รุนแรง;deepl;adjectif;2025-12-08 19:51:56
retrognathie maxillaire,retromaxillaire,maxillaire en arriere,maxillaire recule,maxillaire en retrait;grave;th;จริงจัง;deepl;adjectif;2025-12-08 19:51:56
retrognathie maxillaire,retromaxillaire,maxillaire en arriere,maxillaire recule,maxillaire en retrait;marqué;th;ทำเครื่องหมายไว้;deepl;adjectif;2025-12-08 19:51:56
retrognathie maxillaire,retromaxillaire,maxillaire en arriere,maxillaire recule,maxillaire en retrait;important;th;สำคัญ;deepl;adjectif;2025-12-08 19:51:56
retrognathie maxillaire,retromaxillaire,maxillaire en arriere,maxillaire recule,maxillaire en retrait;majeur;th;หลัก;deepl;adjectif;2025-12-08 19:51:56
retrognathie maxillaire,retromaxillaire,maxillaire en arriere,maxillaire recule,maxillaire en retrait;modéré;th;ปานกลาง;deepl;adjectif;2025-12-08 19:51:56
retrognathie maxillaire,retromaxillaire,maxillaire en arriere,maxillaire recule,maxillaire en retrait;léger;th;แสง;deepl;adjectif;2025-12-08 19:51:56
retrognathie maxillaire,retromaxillaire,maxillaire en arriere,maxillaire recule,maxillaire en retrait;bénin;th;ไม่ร้ายแรง;deepl;adjectif;2025-12-08 19:51:56
prognathisme mandibulaire,prognathie mandibulaire,mandibule en avant,mandibule avancee,mandibule proeminente;Prognathisme mandibulaire;en;Overshot mandible;deepl;tag;2025-12-08 19:51:56
prognathisme mandibulaire,prognathie mandibulaire,mandibule en avant,mandibule avancee,mandibule proeminente;prognathie mandibulaire;en;mandibular prognathia;deepl;tag;2025-12-08 19:51:56
prognathisme mandibulaire,prognathie mandibulaire,mandibule en avant,mandibule avancee,mandibule proeminente;mandibule en avant;en;mandible forward;deepl;tag;2025-12-08 19:51:56
prognathisme mandibulaire,prognathie mandibulaire,mandibule en avant,mandibule avancee,mandibule proeminente;mandibule avancée;en;advanced mandible;deepl;tag;2025-12-08 19:51:56
prognathisme mandibulaire,prognathie mandibulaire,mandibule en avant,mandibule avancee,mandibule proeminente;mandibule proéminente;en;prominent mandible;deepl;tag;2025-12-08 19:51:56
prognathisme mandibulaire,prognathie mandibulaire,mandibule en avant,mandibule avancee,mandibule proeminente;sévère;en;severe;deepl;adjectif;2025-12-08 19:51:56
prognathisme mandibulaire,prognathie mandibulaire,mandibule en avant,mandibule avancee,mandibule proeminente;grave;en;serious;deepl;adjectif;2025-12-08 19:51:56
prognathisme mandibulaire,prognathie mandibulaire,mandibule en avant,mandibule avancee,mandibule proeminente;marqué;en;marked;deepl;adjectif;2025-12-08 19:51:56
prognathisme mandibulaire,prognathie mandibulaire,mandibule en avant,mandibule avancee,mandibule proeminente;important;en;important;deepl;adjectif;2025-12-08 19:51:56
prognathisme mandibulaire,prognathie mandibulaire,mandibule en avant,mandibule avancee,mandibule proeminente;majeur;en;major;deepl;adjectif;2025-12-08 19:51:56
prognathisme mandibulaire,prognathie mandibulaire,mandibule en avant,mandibule avancee,mandibule proeminente;modéré;en;moderate;deepl;adjectif;2025-12-08 19:51:56
prognathisme mandibulaire,prognathie mandibulaire,mandibule en avant,mandibule avancee,mandibule proeminente;léger;en;light;deepl;adjectif;2025-12-08 19:51:56
prognathisme mandibulaire,prognathie mandibulaire,mandibule en avant,mandibule avancee,mandibule proeminente;bénin;en;benin;deepl;adjectif;2025-12-08 19:51:56
prognathisme mandibulaire,prognathie mandibulaire,mandibule en avant,mandibule avancee,mandibule proeminente;Prognathisme mandibulaire;de;Unterkieferprognathismus;deepl;tag;2025-12-08 19:51:56
prognathisme mandibulaire,prognathie mandibulaire,mandibule en avant,mandibule avancee,mandibule proeminente;prognathie mandibulaire;de;Unterkieferprognathie;deepl;tag;2025-12-08 19:51:56
prognathisme mandibulaire,prognathie mandibulaire,mandibule en avant,mandibule avancee,mandibule proeminente;mandibule en avant;de;Unterkiefer nach vorne;deepl;tag;2025-12-08 19:51:56
prognathisme mandibulaire,prognathie mandibulaire,mandibule en avant,mandibule avancee,mandibule proeminente;mandibule avancée;de;vorgeschobener Unterkiefer;deepl;tag;2025-12-08 19:51:56
prognathisme mandibulaire,prognathie mandibulaire,mandibule en avant,mandibule avancee,mandibule proeminente;mandibule proéminente;de;vorstehender Unterkiefer;deepl;tag;2025-12-08 19:51:56
prognathisme mandibulaire,prognathie mandibulaire,mandibule en avant,mandibule avancee,mandibule proeminente;sévère;de;schwer;deepl;adjectif;2025-12-08 19:51:56
prognathisme mandibulaire,prognathie mandibulaire,mandibule en avant,mandibule avancee,mandibule proeminente;grave;de;ernst;deepl;adjectif;2025-12-08 19:51:56
prognathisme mandibulaire,prognathie mandibulaire,mandibule en avant,mandibule avancee,mandibule proeminente;marqué;de;markiert;deepl;adjectif;2025-12-08 19:51:56
prognathisme mandibulaire,prognathie mandibulaire,mandibule en avant,mandibule avancee,mandibule proeminente;important;de;wichtig;deepl;adjectif;2025-12-08 19:51:56
prognathisme mandibulaire,prognathie mandibulaire,mandibule en avant,mandibule avancee,mandibule proeminente;majeur;de;volljährig;deepl;adjectif;2025-12-08 19:51:56
prognathisme mandibulaire,prognathie mandibulaire,mandibule en avant,mandibule avancee,mandibule proeminente;modéré;de;mäßig;deepl;adjectif;2025-12-08 19:51:56
prognathisme mandibulaire,prognathie mandibulaire,mandibule en avant,mandibule avancee,mandibule proeminente;léger;de;leicht;deepl;adjectif;2025-12-08 19:51:56
prognathisme mandibulaire,prognathie mandibulaire,mandibule en avant,mandibule avancee,mandibule proeminente;bénin;de;benin;deepl;adjectif;2025-12-08 19:51:56
prognathisme mandibulaire,prognathie mandibulaire,mandibule en avant,mandibule avancee,mandibule proeminente;Prognathisme mandibulaire;th;ภาวะขากรรไกรล่างยื่น;deepl;tag;2025-12-08 19:51:56
prognathisme mandibulaire,prognathie mandibulaire,mandibule en avant,mandibule avancee,mandibule proeminente;prognathie mandibulaire;th;ภาวะขากรรไกรล่างยื่น;deepl;tag;2025-12-08 19:51:56
prognathisme mandibulaire,prognathie mandibulaire,mandibule en avant,mandibule avancee,mandibule proeminente;mandibule en avant;th;ขากรรไกรยื่น;deepl;tag;2025-12-08 19:51:56
prognathisme mandibulaire,prognathie mandibulaire,mandibule en avant,mandibule avancee,mandibule proeminente;mandibule avancée;th;ขากรรไกรยื่น;deepl;tag;2025-12-08 19:51:56
prognathisme mandibulaire,prognathie mandibulaire,mandibule en avant,mandibule avancee,mandibule proeminente;mandibule proéminente;th;ขากรรไกรยื่น;deepl;tag;2025-12-08 19:51:56
prognathisme mandibulaire,prognathie mandibulaire,mandibule en avant,mandibule avancee,mandibule proeminente;sévère;th;รุนแรง;deepl;adjectif;2025-12-08 19:51:56
prognathisme mandibulaire,prognathie mandibulaire,mandibule en avant,mandibule avancee,mandibule proeminente;grave;th;จริงจัง;deepl;adjectif;2025-12-08 19:51:56
prognathisme mandibulaire,prognathie mandibulaire,mandibule en avant,mandibule avancee,mandibule proeminente;marqué;th;ทำเครื่องหมายไว้;deepl;adjectif;2025-12-08 19:51:56
prognathisme mandibulaire,prognathie mandibulaire,mandibule en avant,mandibule avancee,mandibule proeminente;important;th;สำคัญ;deepl;adjectif;2025-12-08 19:51:56
prognathisme mandibulaire,prognathie mandibulaire,mandibule en avant,mandibule avancee,mandibule proeminente;majeur;th;หลัก;deepl;adjectif;2025-12-08 19:51:56
prognathisme mandibulaire,prognathie mandibulaire,mandibule en avant,mandibule avancee,mandibule proeminente;modéré;th;ปานกลาง;deepl;adjectif;2025-12-08 19:51:56
prognathisme mandibulaire,prognathie mandibulaire,mandibule en avant,mandibule avancee,mandibule proeminente;léger;th;แสง;deepl;adjectif;2025-12-08 19:51:56
prognathisme mandibulaire,prognathie mandibulaire,mandibule en avant,mandibule avancee,mandibule proeminente;bénin;th;ไม่ร้ายแรง;deepl;adjectif;2025-12-08 19:51:56
prognathisme maxillaire,prognathie maxillaire,maxillaire en avant,maxillaire avance,maxillaire proeminent;Prognathisme maxillaire;en;Overshot mouth;deepl;tag;2025-12-08 19:51:56
prognathisme maxillaire,prognathie maxillaire,maxillaire en avant,maxillaire avance,maxillaire proeminent;prognathie maxillaire;en;maxillary prognathia;deepl;tag;2025-12-08 19:51:56
prognathisme maxillaire,prognathie maxillaire,maxillaire en avant,maxillaire avance,maxillaire proeminent;maxillaire en avant;en;maxilla forward;deepl;tag;2025-12-08 19:51:56
prognathisme maxillaire,prognathie maxillaire,maxillaire en avant,maxillaire avance,maxillaire proeminent;maxillaire avancé;en;advanced maxilla;deepl;tag;2025-12-08 19:51:56
prognathisme maxillaire,prognathie maxillaire,maxillaire en avant,maxillaire avance,maxillaire proeminent;maxillaire proéminent;en;prominent maxilla;deepl;tag;2025-12-08 19:51:56
prognathisme maxillaire,prognathie maxillaire,maxillaire en avant,maxillaire avance,maxillaire proeminent;sévère;en;severe;deepl;adjectif;2025-12-08 19:51:56
prognathisme maxillaire,prognathie maxillaire,maxillaire en avant,maxillaire avance,maxillaire proeminent;grave;en;serious;deepl;adjectif;2025-12-08 19:51:56
prognathisme maxillaire,prognathie maxillaire,maxillaire en avant,maxillaire avance,maxillaire proeminent;marqué;en;marked;deepl;adjectif;2025-12-08 19:51:56
prognathisme maxillaire,prognathie maxillaire,maxillaire en avant,maxillaire avance,maxillaire proeminent;important;en;important;deepl;adjectif;2025-12-08 19:51:56
prognathisme maxillaire,prognathie maxillaire,maxillaire en avant,maxillaire avance,maxillaire proeminent;majeur;en;major;deepl;adjectif;2025-12-08 19:51:56
prognathisme maxillaire,prognathie maxillaire,maxillaire en avant,maxillaire avance,maxillaire proeminent;modéré;en;moderate;deepl;adjectif;2025-12-08 19:51:56
prognathisme maxillaire,prognathie maxillaire,maxillaire en avant,maxillaire avance,maxillaire proeminent;léger;en;light;deepl;adjectif;2025-12-08 19:51:56
prognathisme maxillaire,prognathie maxillaire,maxillaire en avant,maxillaire avance,maxillaire proeminent;bénin;en;benin;deepl;adjectif;2025-12-08 19:51:56
prognathisme maxillaire,prognathie maxillaire,maxillaire en avant,maxillaire avance,maxillaire proeminent;Prognathisme maxillaire;de;Prognathismus des Oberkiefers;deepl;tag;2025-12-08 19:51:56
prognathisme maxillaire,prognathie maxillaire,maxillaire en avant,maxillaire avance,maxillaire proeminent;prognathie maxillaire;de;Oberkieferprognathie;deepl;tag;2025-12-08 19:51:56
prognathisme maxillaire,prognathie maxillaire,maxillaire en avant,maxillaire avance,maxillaire proeminent;maxillaire en avant;de;Oberkiefer nach vorne;deepl;tag;2025-12-08 19:51:56
prognathisme maxillaire,prognathie maxillaire,maxillaire en avant,maxillaire avance,maxillaire proeminent;maxillaire avancé;de;vorgeschobener Oberkiefer;deepl;tag;2025-12-08 19:51:56
prognathisme maxillaire,prognathie maxillaire,maxillaire en avant,maxillaire avance,maxillaire proeminent;maxillaire proéminent;de;hervorstehender Oberkiefer;deepl;tag;2025-12-08 19:51:56
prognathisme maxillaire,prognathie maxillaire,maxillaire en avant,maxillaire avance,maxillaire proeminent;sévère;de;schwer;deepl;adjectif;2025-12-08 19:51:56
prognathisme maxillaire,prognathie maxillaire,maxillaire en avant,maxillaire avance,maxillaire proeminent;grave;de;ernst;deepl;adjectif;2025-12-08 19:51:56
prognathisme maxillaire,prognathie maxillaire,maxillaire en avant,maxillaire avance,maxillaire proeminent;marqué;de;markiert;deepl;adjectif;2025-12-08 19:51:56
prognathisme maxillaire,prognathie maxillaire,maxillaire en avant,maxillaire avance,maxillaire proeminent;important;de;wichtig;deepl;adjectif;2025-12-08 19:51:56
prognathisme maxillaire,prognathie maxillaire,maxillaire en avant,maxillaire avance,maxillaire proeminent;majeur;de;volljährig;deepl;adjectif;2025-12-08 19:51:56
prognathisme maxillaire,prognathie maxillaire,maxillaire en avant,maxillaire avance,maxillaire proeminent;modéré;de;mäßig;deepl;adjectif;2025-12-08 19:51:56
prognathisme maxillaire,prognathie maxillaire,maxillaire en avant,maxillaire avance,maxillaire proeminent;léger;de;leicht;deepl;adjectif;2025-12-08 19:51:56
prognathisme maxillaire,prognathie maxillaire,maxillaire en avant,maxillaire avance,maxillaire proeminent;bénin;de;benin;deepl;adjectif;2025-12-08 19:51:56
prognathisme maxillaire,prognathie maxillaire,maxillaire en avant,maxillaire avance,maxillaire proeminent;Prognathisme maxillaire;th;ภาวะขากรรไกรบนยื่น;deepl;tag;2025-12-08 19:51:56
prognathisme maxillaire,prognathie maxillaire,maxillaire en avant,maxillaire avance,maxillaire proeminent;prognathie maxillaire;th;ภาวะขากรรไกรบนยื่น;deepl;tag;2025-12-08 19:51:56
prognathisme maxillaire,prognathie maxillaire,maxillaire en avant,maxillaire avance,maxillaire proeminent;maxillaire en avant;th;ขากรรไกรยื่น;deepl;tag;2025-12-08 19:51:56
prognathisme maxillaire,prognathie maxillaire,maxillaire en avant,maxillaire avance,maxillaire proeminent;maxillaire avancé;th;ขากรรไกรยื่น;deepl;tag;2025-12-08 19:51:56
prognathisme maxillaire,prognathie maxillaire,maxillaire en avant,maxillaire avance,maxillaire proeminent;maxillaire proéminent;th;กรามที่เด่นชัด;deepl;tag;2025-12-08 19:51:56
prognathisme maxillaire,prognathie maxillaire,maxillaire en avant,maxillaire avance,maxillaire proeminent;sévère;th;รุนแรง;deepl;adjectif;2025-12-08 19:51:56
prognathisme maxillaire,prognathie maxillaire,maxillaire en avant,maxillaire avance,maxillaire proeminent;grave;th;จริงจัง;deepl;adjectif;2025-12-08 19:51:56
prognathisme maxillaire,prognathie maxillaire,maxillaire en avant,maxillaire avance,maxillaire proeminent;marqué;th;ทำเครื่องหมายไว้;deepl;adjectif;2025-12-08 19:51:56
prognathisme maxillaire,prognathie maxillaire,maxillaire en avant,maxillaire avance,maxillaire proeminent;important;th;สำคัญ;deepl;adjectif;2025-12-08 19:51:56
prognathisme maxillaire,prognathie maxillaire,maxillaire en avant,maxillaire avance,maxillaire proeminent;majeur;th;หลัก;deepl;adjectif;2025-12-08 19:51:56
prognathisme maxillaire,prognathie maxillaire,maxillaire en avant,maxillaire avance,maxillaire proeminent;modéré;th;ปานกลาง;deepl;adjectif;2025-12-08 19:51:56
prognathisme maxillaire,prognathie maxillaire,maxillaire en avant,maxillaire avance,maxillaire proeminent;léger;th;แสง;deepl;adjectif;2025-12-08 19:51:56
prognathisme maxillaire,prognathie maxillaire,maxillaire en avant,maxillaire avance,maxillaire proeminent;bénin;th;ไม่ร้ายแรง;deepl;adjectif;2025-12-08 19:51:56
beance,beance,beance dentaire,espace entre les dents,espace interdentaire,morsure beante,morsure ouverte,open bite,openbite;béance;en;hollowness;deepl;tag;2025-12-08 19:51:56
beance,beance,beance dentaire,espace entre les dents,espace interdentaire,morsure beante,morsure ouverte,open bite,openbite;beance;en;beance;deepl;tag;2025-12-08 19:51:56
beance,beance,beance dentaire,espace entre les dents,espace interdentaire,morsure beante,morsure ouverte,open bite,openbite;béance dentaire;en;open bite;deepl;tag;2025-12-08 19:51:56
beance,beance,beance dentaire,espace entre les dents,espace interdentaire,morsure beante,morsure ouverte,open bite,openbite;espace entre les dents;en;space between teeth;deepl;tag;2025-12-08 19:51:56
beance,beance,beance dentaire,espace entre les dents,espace interdentaire,morsure beante,morsure ouverte,open bite,openbite;espace interdentaire;en;interdental space;deepl;tag;2025-12-08 19:51:56
beance,beance,beance dentaire,espace entre les dents,espace interdentaire,morsure beante,morsure ouverte,open bite,openbite;morsure béante;en;gaping bite;deepl;tag;2025-12-08 19:51:56
beance,beance,beance dentaire,espace entre les dents,espace interdentaire,morsure beante,morsure ouverte,open bite,openbite;morsure ouverte;en;open bite;deepl;tag;2025-12-08 19:51:56
beance,beance,beance dentaire,espace entre les dents,espace interdentaire,morsure beante,morsure ouverte,open bite,openbite;open bite;en;open cock;deepl;tag;2025-12-08 19:51:56
beance,beance,beance dentaire,espace entre les dents,espace interdentaire,morsure beante,morsure ouverte,open bite,openbite;openbite;en;openbite;deepl;tag;2025-12-08 19:51:56
beance,beance,beance dentaire,espace entre les dents,espace interdentaire,morsure beante,morsure ouverte,open bite,openbite;antérieure;en;previous;deepl;adjectif;2025-12-08 19:51:56
beance,beance,beance dentaire,espace entre les dents,espace interdentaire,morsure beante,morsure ouverte,open bite,openbite;frontale;en;front;deepl;adjectif;2025-12-08 19:51:56
beance,beance,beance dentaire,espace entre les dents,espace interdentaire,morsure beante,morsure ouverte,open bite,openbite;avant;en;before;deepl;adjectif;2025-12-08 19:51:56
beance,beance,beance dentaire,espace entre les dents,espace interdentaire,morsure beante,morsure ouverte,open bite,openbite;postérieure;en;posterior;deepl;adjectif;2025-12-08 19:51:56
beance,beance,beance dentaire,espace entre les dents,espace interdentaire,morsure beante,morsure ouverte,open bite,openbite;arrière;en;rear;deepl;adjectif;2025-12-08 19:51:56
beance,beance,beance dentaire,espace entre les dents,espace interdentaire,morsure beante,morsure ouverte,open bite,openbite;latérale;en;lateral;deepl;adjectif;2025-12-08 19:51:56
beance,beance,beance dentaire,espace entre les dents,espace interdentaire,morsure beante,morsure ouverte,open bite,openbite;gauche;en;left;deepl;adjectif;2025-12-08 19:51:56
beance,beance,beance dentaire,espace entre les dents,espace interdentaire,morsure beante,morsure ouverte,open bite,openbite;droite;en;right;deepl;adjectif;2025-12-08 19:51:56
beance,beance,beance dentaire,espace entre les dents,espace interdentaire,morsure beante,morsure ouverte,open bite,openbite;sévère;en;severe;deepl;adjectif;2025-12-08 19:51:56
beance,beance,beance dentaire,espace entre les dents,espace interdentaire,morsure beante,morsure ouverte,open bite,openbite;grave;en;serious;deepl;adjectif;2025-12-08 19:51:56
beance,beance,beance dentaire,espace entre les dents,espace interdentaire,morsure beante,morsure ouverte,open bite,openbite;marquée;en;marked;deepl;adjectif;2025-12-08 19:51:56
beance,beance,beance dentaire,espace entre les dents,espace interdentaire,morsure beante,morsure ouverte,open bite,openbite;importante;en;important;deepl;adjectif;2025-12-08 19:51:56
beance,beance,beance dentaire,espace entre les dents,espace interdentaire,morsure beante,morsure ouverte,open bite,openbite;majeure;en;major;deepl;adjectif;2025-12-08 19:51:56
beance,beance,beance dentaire,espace entre les dents,espace interdentaire,morsure beante,morsure ouverte,open bite,openbite;complexe;en;complex;deepl;adjectif;2025-12-08 19:51:56
beance,beance,beance dentaire,espace entre les dents,espace interdentaire,morsure beante,morsure ouverte,open bite,openbite;modérée;en;moderate;deepl;adjectif;2025-12-08 19:51:56
beance,beance,beance dentaire,espace entre les dents,espace interdentaire,morsure beante,morsure ouverte,open bite,openbite;légère;en;slight;deepl;adjectif;2025-12-08 19:51:56
beance,beance,beance dentaire,espace entre les dents,espace interdentaire,morsure beante,morsure ouverte,open bite,openbite;bénigne;en;benign;deepl;adjectif;2025-12-08 19:51:56
beance,beance,beance dentaire,espace entre les dents,espace interdentaire,morsure beante,morsure ouverte,open bite,openbite;béance;de;Lippen-Kiefer-Gaumenspalte;deepl;tag;2025-12-08 19:51:56
beance,beance,beance dentaire,espace entre les dents,espace interdentaire,morsure beante,morsure ouverte,open bite,openbite;beance;de;beance;deepl;tag;2025-12-08 19:51:56
beance,beance,beance dentaire,espace entre les dents,espace interdentaire,morsure beante,morsure ouverte,open bite,openbite;béance dentaire;de;Zahnlücke;deepl;tag;2025-12-08 19:51:56
beance,beance,beance dentaire,espace entre les dents,espace interdentaire,morsure beante,morsure ouverte,open bite,openbite;espace entre les dents;de;Zahnlücke;deepl;tag;2025-12-08 19:51:56
beance,beance,beance dentaire,espace entre les dents,espace interdentaire,morsure beante,morsure ouverte,open bite,openbite;espace interdentaire;de;Interdentalraum;deepl;tag;2025-12-08 19:51:56
beance,beance,beance dentaire,espace entre les dents,espace interdentaire,morsure beante,morsure ouverte,open bite,openbite;morsure béante;de;klaffender Biss;deepl;tag;2025-12-08 19:51:56
beance,beance,beance dentaire,espace entre les dents,espace interdentaire,morsure beante,morsure ouverte,open bite,openbite;morsure ouverte;de;offener Biss;deepl;tag;2025-12-08 19:51:56
beance,beance,beance dentaire,espace entre les dents,espace interdentaire,morsure beante,morsure ouverte,open bite,openbite;open bite;de;Open Bite;deepl;tag;2025-12-08 19:51:56
beance,beance,beance dentaire,espace entre les dents,espace interdentaire,morsure beante,morsure ouverte,open bite,openbite;openbite;de;openbite;deepl;tag;2025-12-08 19:51:56
beance,beance,beance dentaire,espace entre les dents,espace interdentaire,morsure beante,morsure ouverte,open bite,openbite;antérieure;de;anterior;deepl;adjectif;2025-12-08 19:51:56
beance,beance,beance dentaire,espace entre les dents,espace interdentaire,morsure beante,morsure ouverte,open bite,openbite;frontale;de;frontal;deepl;adjectif;2025-12-08 19:51:56
beance,beance,beance dentaire,espace entre les dents,espace interdentaire,morsure beante,morsure ouverte,open bite,openbite;avant;de;vor;deepl;adjectif;2025-12-08 19:51:56
beance,beance,beance dentaire,espace entre les dents,espace interdentaire,morsure beante,morsure ouverte,open bite,openbite;postérieure;de;posterior;deepl;adjectif;2025-12-08 19:51:56
beance,beance,beance dentaire,espace entre les dents,espace interdentaire,morsure beante,morsure ouverte,open bite,openbite;arrière;de;hinten;deepl;adjectif;2025-12-08 19:51:56
beance,beance,beance dentaire,espace entre les dents,espace interdentaire,morsure beante,morsure ouverte,open bite,openbite;latérale;de;seitlich;deepl;adjectif;2025-12-08 19:51:56
beance,beance,beance dentaire,espace entre les dents,espace interdentaire,morsure beante,morsure ouverte,open bite,openbite;gauche;de;links;deepl;adjectif;2025-12-08 19:51:56
beance,beance,beance dentaire,espace entre les dents,espace interdentaire,morsure beante,morsure ouverte,open bite,openbite;droite;de;rechts;deepl;adjectif;2025-12-08 19:51:56
beance,beance,beance dentaire,espace entre les dents,espace interdentaire,morsure beante,morsure ouverte,open bite,openbite;sévère;de;schwer;deepl;adjectif;2025-12-08 19:51:56
beance,beance,beance dentaire,espace entre les dents,espace interdentaire,morsure beante,morsure ouverte,open bite,openbite;grave;de;ernst;deepl;adjectif;2025-12-08 19:51:56
beance,beance,beance dentaire,espace entre les dents,espace interdentaire,morsure beante,morsure ouverte,open bite,openbite;marquée;de;markiert;deepl;adjectif;2025-12-08 19:51:56
beance,beance,beance dentaire,espace entre les dents,espace interdentaire,morsure beante,morsure ouverte,open bite,openbite;importante;de;wichtig;deepl;adjectif;2025-12-08 19:51:56
beance,beance,beance dentaire,espace entre les dents,espace interdentaire,morsure beante,morsure ouverte,open bite,openbite;majeure;de;Major;deepl;adjectif;2025-12-08 19:51:56
beance,beance,beance dentaire,espace entre les dents,espace interdentaire,morsure beante,morsure ouverte,open bite,openbite;complexe;de;Komplex;deepl;adjectif;2025-12-08 19:51:56
beance,beance,beance dentaire,espace entre les dents,espace interdentaire,morsure beante,morsure ouverte,open bite,openbite;modérée;de;mäßig;deepl;adjectif;2025-12-08 19:51:56
beance,beance,beance dentaire,espace entre les dents,espace interdentaire,morsure beante,morsure ouverte,open bite,openbite;légère;de;leicht;deepl;adjectif;2025-12-08 19:51:56
beance,beance,beance dentaire,espace entre les dents,espace interdentaire,morsure beante,morsure ouverte,open bite,openbite;bénigne;de;gutartig;deepl;adjectif;2025-12-08 19:51:56
beance,beance,beance dentaire,espace entre les dents,espace interdentaire,morsure beante,morsure ouverte,open bite,openbite;béance;th;ช่องว่าง;deepl;tag;2025-12-08 19:51:56
beance,beance,beance dentaire,espace entre les dents,espace interdentaire,morsure beante,morsure ouverte,open bite,openbite;beance;th;ช่องว่าง;deepl;tag;2025-12-08 19:51:56
beance,beance,beance dentaire,espace entre les dents,espace interdentaire,morsure beante,morsure ouverte,open bite,openbite;béance dentaire;th;ช่องว่างระหว่างฟัน;deepl;tag;2025-12-08 19:51:56
beance,beance,beance dentaire,espace entre les dents,espace interdentaire,morsure beante,morsure ouverte,open bite,openbite;espace entre les dents;th;ช่องว่างระหว่างฟัน;deepl;tag;2025-12-08 19:51:56
beance,beance,beance dentaire,espace entre les dents,espace interdentaire,morsure beante,morsure ouverte,open bite,openbite;espace interdentaire;th;ช่องว่างระหว่างฟัน;deepl;tag;2025-12-08 19:51:56
beance,beance,beance dentaire,espace entre les dents,espace interdentaire,morsure beante,morsure ouverte,open bite,openbite;morsure béante;th;คำกัดที่กว้าง;deepl;tag;2025-12-08 19:51:56
beance,beance,beance dentaire,espace entre les dents,espace interdentaire,morsure beante,morsure ouverte,open bite,openbite;morsure ouverte;th;ฟันเปิด;deepl;tag;2025-12-08 19:51:56
beance,beance,beance dentaire,espace entre les dents,espace interdentaire,morsure beante,morsure ouverte,open bite,openbite;open bite;th;ฟันเปิด;deepl;tag;2025-12-08 19:51:56
beance,beance,beance dentaire,espace entre les dents,espace interdentaire,morsure beante,morsure ouverte,open bite,openbite;openbite;th;ฟันเปิด;deepl;tag;2025-12-08 19:51:56
beance,beance,beance dentaire,espace entre les dents,espace interdentaire,morsure beante,morsure ouverte,open bite,openbite;antérieure;th;ก่อนหน้า;deepl;adjectif;2025-12-08 19:51:56
beance,beance,beance dentaire,espace entre les dents,espace interdentaire,morsure beante,morsure ouverte,open bite,openbite;frontale;th;ด้านหน้า;deepl;adjectif;2025-12-08 19:51:56
beance,beance,beance dentaire,espace entre les dents,espace interdentaire,morsure beante,morsure ouverte,open bite,openbite;avant;th;ก่อน;deepl;adjectif;2025-12-08 19:51:56
beance,beance,beance dentaire,espace entre les dents,espace interdentaire,morsure beante,morsure ouverte,open bite,openbite;postérieure;th;หลัง;deepl;adjectif;2025-12-08 19:51:56
beance,beance,beance dentaire,espace entre les dents,espace interdentaire,morsure beante,morsure ouverte,open bite,openbite;arrière;th;ด้านหลัง;deepl;adjectif;2025-12-08 19:51:56
beance,beance,beance dentaire,espace entre les dents,espace interdentaire,morsure beante,morsure ouverte,open bite,openbite;latérale;th;ด้านข้าง;deepl;adjectif;2025-12-08 19:51:56
beance,beance,beance dentaire,espace entre les dents,espace interdentaire,morsure beante,morsure ouverte,open bite,openbite;gauche;th;ซ้าย;deepl;adjectif;2025-12-08 19:51:56
beance,beance,beance dentaire,espace entre les dents,espace interdentaire,morsure beante,morsure ouverte,open bite,openbite;droite;th;ถูกต้อง;deepl;adjectif;2025-12-08 19:51:56
beance,beance,beance dentaire,espace entre les dents,espace interdentaire,morsure beante,morsure ouverte,open bite,openbite;sévère;th;รุนแรง;deepl;adjectif;2025-12-08 19:51:56
beance,beance,beance dentaire,espace entre les dents,espace interdentaire,morsure beante,morsure ouverte,open bite,openbite;grave;th;จริงจัง;deepl;adjectif;2025-12-08 19:51:56
beance,beance,beance dentaire,espace entre les dents,espace interdentaire,morsure beante,morsure ouverte,open bite,openbite;marquée;th;ทำเครื่องหมายไว้;deepl;adjectif;2025-12-08 19:51:56
beance,beance,beance dentaire,espace entre les dents,espace interdentaire,morsure beante,morsure ouverte,open bite,openbite;importante;th;สำคัญ;deepl;adjectif;2025-12-08 19:51:56
beance,beance,beance dentaire,espace entre les dents,espace interdentaire,morsure beante,morsure ouverte,open bite,openbite;majeure;th;หลัก;deepl;adjectif;2025-12-08 19:51:56
beance,beance,beance dentaire,espace entre les dents,espace interdentaire,morsure beante,morsure ouverte,open bite,openbite;complexe;th;ซับซ้อน;deepl;adjectif;2025-12-08 19:51:56
beance,beance,beance dentaire,espace entre les dents,espace interdentaire,morsure beante,morsure ouverte,open bite,openbite;modérée;th;ปานกลาง;deepl;adjectif;2025-12-08 19:51:56
beance,beance,beance dentaire,espace entre les dents,espace interdentaire,morsure beante,morsure ouverte,open bite,openbite;légère;th;แสง;deepl;adjectif;2025-12-08 19:51:56
beance,beance,beance dentaire,espace entre les dents,espace interdentaire,morsure beante,morsure ouverte,open bite,openbite;bénigne;th;ไม่ร้ายแรง;deepl;adjectif;2025-12-08 19:51:56
bruxisme,bruxomanie,clenching,grincement,grincements,grinding,serrement,usure dentaire,grince,grince des dents,grincent,grincent des dents;Bruxisme;en;Bruxism;deepl;tag;2025-12-08 19:51:56
bruxisme,bruxomanie,clenching,grincement,grincements,grinding,serrement,usure dentaire,grince,grince des dents,grincent,grincent des dents;bruxomanie;en;bruxism;deepl;tag;2025-12-08 19:51:56
bruxisme,bruxomanie,clenching,grincement,grincements,grinding,serrement,usure dentaire,grince,grince des dents,grincent,grincent des dents;clenching;en;clenching;deepl;tag;2025-12-08 19:51:56
bruxisme,bruxomanie,clenching,grincement,grincements,grinding,serrement,usure dentaire,grince,grince des dents,grincent,grincent des dents;grincement;en;squeaking;deepl;tag;2025-12-08 19:51:56
bruxisme,bruxomanie,clenching,grincement,grincements,grinding,serrement,usure dentaire,grince,grince des dents,grincent,grincent des dents;grincements;en;creaks;deepl;tag;2025-12-08 19:51:56
bruxisme,bruxomanie,clenching,grincement,grincements,grinding,serrement,usure dentaire,grince,grince des dents,grincent,grincent des dents;grinding;en;grinding;deepl;tag;2025-12-08 19:51:56
bruxisme,bruxomanie,clenching,grincement,grincements,grinding,serrement,usure dentaire,grince,grince des dents,grincent,grincent des dents;serrement;en;tightening;deepl;tag;2025-12-08 19:51:56
bruxisme,bruxomanie,clenching,grincement,grincements,grinding,serrement,usure dentaire,grince,grince des dents,grincent,grincent des dents;usure dentaire;en;tooth wear;deepl;tag;2025-12-08 19:51:56
bruxisme,bruxomanie,clenching,grincement,grincements,grinding,serrement,usure dentaire,grince,grince des dents,grincent,grincent des dents;grince;en;grinds;deepl;tag;2025-12-08 19:51:56
bruxisme,bruxomanie,clenching,grincement,grincements,grinding,serrement,usure dentaire,grince,grince des dents,grincent,grincent des dents;grince des dents;en;grits its teeth;deepl;tag;2025-12-08 19:51:56
bruxisme,bruxomanie,clenching,grincement,grincements,grinding,serrement,usure dentaire,grince,grince des dents,grincent,grincent des dents;grincent;en;grincent;deepl;tag;2025-12-08 19:51:56
bruxisme,bruxomanie,clenching,grincement,grincements,grinding,serrement,usure dentaire,grince,grince des dents,grincent,grincent des dents;grincent des dents;en;grit their teeth;deepl;tag;2025-12-08 19:51:56
bruxisme,bruxomanie,clenching,grincement,grincements,grinding,serrement,usure dentaire,grince,grince des dents,grincent,grincent des dents;nocturne;en;night;deepl;adjectif;2025-12-08 19:51:56
bruxisme,bruxomanie,clenching,grincement,grincements,grinding,serrement,usure dentaire,grince,grince des dents,grincent,grincent des dents;la nuit;en;at night;deepl;adjectif;2025-12-08 19:51:56
bruxisme,bruxomanie,clenching,grincement,grincements,grinding,serrement,usure dentaire,grince,grince des dents,grincent,grincent des dents;nuitamment;en;nightly;deepl;adjectif;2025-12-08 19:51:56
bruxisme,bruxomanie,clenching,grincement,grincements,grinding,serrement,usure dentaire,grince,grince des dents,grincent,grincent des dents;diurne;en;diurnal;deepl;adjectif;2025-12-08 19:51:56
bruxisme,bruxomanie,clenching,grincement,grincements,grinding,serrement,usure dentaire,grince,grince des dents,grincent,grincent des dents;le jour;en;the day;deepl;adjectif;2025-12-08 19:51:56
bruxisme,bruxomanie,clenching,grincement,grincements,grinding,serrement,usure dentaire,grince,grince des dents,grincent,grincent des dents;journée;en;day;deepl;adjectif;2025-12-08 19:51:56
bruxisme,bruxomanie,clenching,grincement,grincements,grinding,serrement,usure dentaire,grince,grince des dents,grincent,grincent des dents;des dents;en;teeth;deepl;adjectif;2025-12-08 19:51:56
bruxisme,bruxomanie,clenching,grincement,grincements,grinding,serrement,usure dentaire,grince,grince des dents,grincent,grincent des dents;les dents;en;teeth;deepl;adjectif;2025-12-08 19:51:56
bruxisme,bruxomanie,clenching,grincement,grincements,grinding,serrement,usure dentaire,grince,grince des dents,grincent,grincent des dents;dents;en;teeth;deepl;adjectif;2025-12-08 19:51:56
bruxisme,bruxomanie,clenching,grincement,grincements,grinding,serrement,usure dentaire,grince,grince des dents,grincent,grincent des dents;dent;en;tooth;deepl;adjectif;2025-12-08 19:51:56
bruxisme,bruxomanie,clenching,grincement,grincements,grinding,serrement,usure dentaire,grince,grince des dents,grincent,grincent des dents;dentaire;en;dental;deepl;adjectif;2025-12-08 19:51:56
bruxisme,bruxomanie,clenching,grincement,grincements,grinding,serrement,usure dentaire,grince,grince des dents,grincent,grincent des dents;dentaires;en;dental;deepl;adjectif;2025-12-08 19:51:56
bruxisme,bruxomanie,clenching,grincement,grincements,grinding,serrement,usure dentaire,grince,grince des dents,grincent,grincent des dents;sévère;en;severe;deepl;adjectif;2025-12-08 19:51:56
bruxisme,bruxomanie,clenching,grincement,grincements,grinding,serrement,usure dentaire,grince,grince des dents,grincent,grincent des dents;grave;en;serious;deepl;adjectif;2025-12-08 19:51:56
bruxisme,bruxomanie,clenching,grincement,grincements,grinding,serrement,usure dentaire,grince,grince des dents,grincent,grincent des dents;marqué;en;marked;deepl;adjectif;2025-12-08 19:51:56
bruxisme,bruxomanie,clenching,grincement,grincements,grinding,serrement,usure dentaire,grince,grince des dents,grincent,grincent des dents;important;en;important;deepl;adjectif;2025-12-08 19:51:56
bruxisme,bruxomanie,clenching,grincement,grincements,grinding,serrement,usure dentaire,grince,grince des dents,grincent,grincent des dents;modéré;en;moderate;deepl;adjectif;2025-12-08 19:51:56
bruxisme,bruxomanie,clenching,grincement,grincements,grinding,serrement,usure dentaire,grince,grince des dents,grincent,grincent des dents;léger;en;light;deepl;adjectif;2025-12-08 19:51:56
bruxisme,bruxomanie,clenching,grincement,grincements,grinding,serrement,usure dentaire,grince,grince des dents,grincent,grincent des dents;bénin;en;benin;deepl;adjectif;2025-12-08 19:51:56
bruxisme,bruxomanie,clenching,grincement,grincements,grinding,serrement,usure dentaire,grince,grince des dents,grincent,grincent des dents;Bruxisme;de;Bruxismus;deepl;tag;2025-12-08 19:51:56
bruxisme,bruxomanie,clenching,grincement,grincements,grinding,serrement,usure dentaire,grince,grince des dents,grincent,grincent des dents;bruxomanie;de;Bruxomanie;deepl;tag;2025-12-08 19:51:56
bruxisme,bruxomanie,clenching,grincement,grincements,grinding,serrement,usure dentaire,grince,grince des dents,grincent,grincent des dents;clenching;de;clenching;deepl;tag;2025-12-08 19:51:56
bruxisme,bruxomanie,clenching,grincement,grincements,grinding,serrement,usure dentaire,grince,grince des dents,grincent,grincent des dents;grincement;de;Knirschen;deepl;tag;2025-12-08 19:51:56
bruxisme,bruxomanie,clenching,grincement,grincements,grinding,serrement,usure dentaire,grince,grince des dents,grincent,grincent des dents;grincements;de;Knirschen;deepl;tag;2025-12-08 19:51:56
bruxisme,bruxomanie,clenching,grincement,grincements,grinding,serrement,usure dentaire,grince,grince des dents,grincent,grincent des dents;grinding;de;grinding;deepl;tag;2025-12-08 19:51:56
bruxisme,bruxomanie,clenching,grincement,grincements,grinding,serrement,usure dentaire,grince,grince des dents,grincent,grincent des dents;serrement;de;Umklammerung;deepl;tag;2025-12-08 19:51:56
bruxisme,bruxomanie,clenching,grincement,grincements,grinding,serrement,usure dentaire,grince,grince des dents,grincent,grincent des dents;usure dentaire;de;Zahnabnutzung;deepl;tag;2025-12-08 19:51:56
bruxisme,bruxomanie,clenching,grincement,grincements,grinding,serrement,usure dentaire,grince,grince des dents,grincent,grincent des dents;grince;de;knirscht;deepl;tag;2025-12-08 19:51:56
bruxisme,bruxomanie,clenching,grincement,grincements,grinding,serrement,usure dentaire,grince,grince des dents,grincent,grincent des dents;grince des dents;de;knirscht mit den Zähnen;deepl;tag;2025-12-08 19:51:56
bruxisme,bruxomanie,clenching,grincement,grincements,grinding,serrement,usure dentaire,grince,grince des dents,grincent,grincent des dents;grincent;de;knirschen;deepl;tag;2025-12-08 19:51:56
bruxisme,bruxomanie,clenching,grincement,grincements,grinding,serrement,usure dentaire,grince,grince des dents,grincent,grincent des dents;grincent des dents;de;knirschen mit den Zähnen;deepl;tag;2025-12-08 19:51:56
bruxisme,bruxomanie,clenching,grincement,grincements,grinding,serrement,usure dentaire,grince,grince des dents,grincent,grincent des dents;nocturne;de;nächtlich;deepl;adjectif;2025-12-08 19:51:56
bruxisme,bruxomanie,clenching,grincement,grincements,grinding,serrement,usure dentaire,grince,grince des dents,grincent,grincent des dents;la nuit;de;die Nacht;deepl;adjectif;2025-12-08 19:51:56
bruxisme,bruxomanie,clenching,grincement,grincements,grinding,serrement,usure dentaire,grince,grince des dents,grincent,grincent des dents;nuitamment;de;nachts;deepl;adjectif;2025-12-08 19:51:56
bruxisme,bruxomanie,clenching,grincement,grincements,grinding,serrement,usure dentaire,grince,grince des dents,grincent,grincent des dents;diurne;de;tagsüber;deepl;adjectif;2025-12-08 19:51:56
bruxisme,bruxomanie,clenching,grincement,grincements,grinding,serrement,usure dentaire,grince,grince des dents,grincent,grincent des dents;le jour;de;der Tag;deepl;adjectif;2025-12-08 19:51:56
bruxisme,bruxomanie,clenching,grincement,grincements,grinding,serrement,usure dentaire,grince,grince des dents,grincent,grincent des dents;journée;de;Tag;deepl;adjectif;2025-12-08 19:51:56
bruxisme,bruxomanie,clenching,grincement,grincements,grinding,serrement,usure dentaire,grince,grince des dents,grincent,grincent des dents;des dents;de;der Zähne;deepl;adjectif;2025-12-08 19:51:56
bruxisme,bruxomanie,clenching,grincement,grincements,grinding,serrement,usure dentaire,grince,grince des dents,grincent,grincent des dents;les dents;de;die Zähne;deepl;adjectif;2025-12-08 19:51:56
bruxisme,bruxomanie,clenching,grincement,grincements,grinding,serrement,usure dentaire,grince,grince des dents,grincent,grincent des dents;dents;de;Zähne;deepl;adjectif;2025-12-08 19:51:56
bruxisme,bruxomanie,clenching,grincement,grincements,grinding,serrement,usure dentaire,grince,grince des dents,grincent,grincent des dents;dent;de;Zahn;deepl;adjectif;2025-12-08 19:51:56
bruxisme,bruxomanie,clenching,grincement,grincements,grinding,serrement,usure dentaire,grince,grince des dents,grincent,grincent des dents;dentaire;de;zahnärztlich;deepl;adjectif;2025-12-08 19:51:56
bruxisme,bruxomanie,clenching,grincement,grincements,grinding,serrement,usure dentaire,grince,grince des dents,grincent,grincent des dents;dentaires;de;zahnärztlich;deepl;adjectif;2025-12-08 19:51:56
bruxisme,bruxomanie,clenching,grincement,grincements,grinding,serrement,usure dentaire,grince,grince des dents,grincent,grincent des dents;sévère;de;schwer;deepl;adjectif;2025-12-08 19:51:56
bruxisme,bruxomanie,clenching,grincement,grincements,grinding,serrement,usure dentaire,grince,grince des dents,grincent,grincent des dents;grave;de;ernst;deepl;adjectif;2025-12-08 19:51:56
bruxisme,bruxomanie,clenching,grincement,grincements,grinding,serrement,usure dentaire,grince,grince des dents,grincent,grincent des dents;marqué;de;markiert;deepl;adjectif;2025-12-08 19:51:56
bruxisme,bruxomanie,clenching,grincement,grincements,grinding,serrement,usure dentaire,grince,grince des dents,grincent,grincent des dents;important;de;wichtig;deepl;adjectif;2025-12-08 19:51:56
bruxisme,bruxomanie,clenching,grincement,grincements,grinding,serrement,usure dentaire,grince,grince des dents,grincent,grincent des dents;modéré;de;mäßig;deepl;adjectif;2025-12-08 19:51:56
bruxisme,bruxomanie,clenching,grincement,grincements,grinding,serrement,usure dentaire,grince,grince des dents,grincent,grincent des dents;léger;de;leicht;deepl;adjectif;2025-12-08 19:51:56
bruxisme,bruxomanie,clenching,grincement,grincements,grinding,serrement,usure dentaire,grince,grince des dents,grincent,grincent des dents;bénin;de;benin;deepl;adjectif;2025-12-08 19:51:56
bruxisme,bruxomanie,clenching,grincement,grincements,grinding,serrement,usure dentaire,grince,grince des dents,grincent,grincent des dents;Bruxisme;th;ภาวะนอนกัดฟัน;deepl;tag;2025-12-08 19:51:56
bruxisme,bruxomanie,clenching,grincement,grincements,grinding,serrement,usure dentaire,grince,grince des dents,grincent,grincent des dents;bruxomanie;th;ภาวะบดฟัน;deepl;tag;2025-12-08 19:51:56
bruxisme,bruxomanie,clenching,grincement,grincements,grinding,serrement,usure dentaire,grince,grince des dents,grincent,grincent des dents;clenching;th;การกำแน่น;deepl;tag;2025-12-08 19:51:56
bruxisme,bruxomanie,clenching,grincement,grincements,grinding,serrement,usure dentaire,grince,grince des dents,grincent,grincent des dents;grincement;th;เสียงเอี๊ยด;deepl;tag;2025-12-08 19:51:56
bruxisme,bruxomanie,clenching,grincement,grincements,grinding,serrement,usure dentaire,grince,grince des dents,grincent,grincent des dents;grincements;th;เสียงเอี๊ยด;deepl;tag;2025-12-08 19:51:56
bruxisme,bruxomanie,clenching,grincement,grincements,grinding,serrement,usure dentaire,grince,grince des dents,grincent,grincent des dents;grinding;th;การบด;deepl;tag;2025-12-08 19:51:56
bruxisme,bruxomanie,clenching,grincement,grincements,grinding,serrement,usure dentaire,grince,grince des dents,grincent,grincent des dents;serrement;th;การรัดให้แน่น;deepl;tag;2025-12-08 19:51:56
bruxisme,bruxomanie,clenching,grincement,grincements,grinding,serrement,usure dentaire,grince,grince des dents,grincent,grincent des dents;usure dentaire;th;การสึกของฟัน;deepl;tag;2025-12-08 19:51:56
bruxisme,bruxomanie,clenching,grincement,grincements,grinding,serrement,usure dentaire,grince,grince des dents,grincent,grincent des dents;grince;th;เสียงเอี๊ยด;deepl;tag;2025-12-08 19:51:56
bruxisme,bruxomanie,clenching,grincement,grincements,grinding,serrement,usure dentaire,grince,grince des dents,grincent,grincent des dents;grince des dents;th;บดฟัน;deepl;tag;2025-12-08 19:51:56
bruxisme,bruxomanie,clenching,grincement,grincements,grinding,serrement,usure dentaire,grince,grince des dents,grincent,grincent des dents;grincent;th;กรินช์;deepl;tag;2025-12-08 19:51:56
bruxisme,bruxomanie,clenching,grincement,grincements,grinding,serrement,usure dentaire,grince,grince des dents,grincent,grincent des dents;grincent des dents;th;กัดฟัน;deepl;tag;2025-12-08 19:51:56
bruxisme,bruxomanie,clenching,grincement,grincements,grinding,serrement,usure dentaire,grince,grince des dents,grincent,grincent des dents;nocturne;th;กลางคืน;deepl;adjectif;2025-12-08 19:51:56
bruxisme,bruxomanie,clenching,grincement,grincements,grinding,serrement,usure dentaire,grince,grince des dents,grincent,grincent des dents;la nuit;th;ตอนกลางคืน;deepl;adjectif;2025-12-08 19:51:56
bruxisme,bruxomanie,clenching,grincement,grincements,grinding,serrement,usure dentaire,grince,grince des dents,grincent,grincent des dents;nuitamment;th;ทุกคืน;deepl;adjectif;2025-12-08 19:51:56
bruxisme,bruxomanie,clenching,grincement,grincements,grinding,serrement,usure dentaire,grince,grince des dents,grincent,grincent des dents;diurne;th;รายวัน;deepl;adjectif;2025-12-08 19:51:56
bruxisme,bruxomanie,clenching,grincement,grincements,grinding,serrement,usure dentaire,grince,grince des dents,grincent,grincent des dents;le jour;th;วัน;deepl;adjectif;2025-12-08 19:51:56
bruxisme,bruxomanie,clenching,grincement,grincements,grinding,serrement,usure dentaire,grince,grince des dents,grincent,grincent des dents;journée;th;วัน;deepl;adjectif;2025-12-08 19:51:56
bruxisme,bruxomanie,clenching,grincement,grincements,grinding,serrement,usure dentaire,grince,grince des dents,grincent,grincent des dents;des dents;th;ฟัน;deepl;adjectif;2025-12-08 19:51:56
bruxisme,bruxomanie,clenching,grincement,grincements,grinding,serrement,usure dentaire,grince,grince des dents,grincent,grincent des dents;les dents;th;ฟัน;deepl;adjectif;2025-12-08 19:51:56
bruxisme,bruxomanie,clenching,grincement,grincements,grinding,serrement,usure dentaire,grince,grince des dents,grincent,grincent des dents;dents;th;ฟัน;deepl;adjectif;2025-12-08 19:51:56
bruxisme,bruxomanie,clenching,grincement,grincements,grinding,serrement,usure dentaire,grince,grince des dents,grincent,grincent des dents;dent;th;ฟัน;deepl;adjectif;2025-12-08 19:51:56
bruxisme,bruxomanie,clenching,grincement,grincements,grinding,serrement,usure dentaire,grince,grince des dents,grincent,grincent des dents;dentaire;th;ทันตกรรม;deepl;adjectif;2025-12-08 19:51:56
bruxisme,bruxomanie,clenching,grincement,grincements,grinding,serrement,usure dentaire,grince,grince des dents,grincent,grincent des dents;dentaires;th;ทันตกรรม;deepl;adjectif;2025-12-08 19:51:56
bruxisme,bruxomanie,clenching,grincement,grincements,grinding,serrement,usure dentaire,grince,grince des dents,grincent,grincent des dents;sévère;th;รุนแรง;deepl;adjectif;2025-12-08 19:51:56
bruxisme,bruxomanie,clenching,grincement,grincements,grinding,serrement,usure dentaire,grince,grince des dents,grincent,grincent des dents;grave;th;จริงจัง;deepl;adjectif;2025-12-08 19:51:56
bruxisme,bruxomanie,clenching,grincement,grincements,grinding,serrement,usure dentaire,grince,grince des dents,grincent,grincent des dents;marqué;th;ทำเครื่องหมายไว้;deepl;adjectif;2025-12-08 19:51:56
bruxisme,bruxomanie,clenching,grincement,grincements,grinding,serrement,usure dentaire,grince,grince des dents,grincent,grincent des dents;important;th;สำคัญ;deepl;adjectif;2025-12-08 19:51:56
bruxisme,bruxomanie,clenching,grincement,grincements,grinding,serrement,usure dentaire,grince,grince des dents,grincent,grincent des dents;modéré;th;ปานกลาง;deepl;adjectif;2025-12-08 19:51:56
bruxisme,bruxomanie,clenching,grincement,grincements,grinding,serrement,usure dentaire,grince,grince des dents,grincent,grincent des dents;léger;th;แสง;deepl;adjectif;2025-12-08 19:51:56
bruxisme,bruxomanie,clenching,grincement,grincements,grinding,serrement,usure dentaire,grince,grince des dents,grincent,grincent des dents;bénin;th;ไม่ร้ายแรง;deepl;adjectif;2025-12-08 19:51:56
avulsion,arrachage dentaire,arracher,dedentement,enlever,exodontie,extraction,extraction dentaire,extraire;avulsion;en;avulsion;deepl;tag;2025-12-08 19:51:56
avulsion,arrachage dentaire,arracher,dedentement,enlever,exodontie,extraction,extraction dentaire,extraire;arrachage dentaire;en;dental extraction;deepl;tag;2025-12-08 19:51:56
avulsion,arrachage dentaire,arracher,dedentement,enlever,exodontie,extraction,extraction dentaire,extraire;arracher;en;pull;deepl;tag;2025-12-08 19:51:56
avulsion,arrachage dentaire,arracher,dedentement,enlever,exodontie,extraction,extraction dentaire,extraire;dédentement;en;disdents;deepl;tag;2025-12-08 19:51:56
avulsion,arrachage dentaire,arracher,dedentement,enlever,exodontie,extraction,extraction dentaire,extraire;enlever;en;remove;deepl;tag;2025-12-08 19:51:56
avulsion,arrachage dentaire,arracher,dedentement,enlever,exodontie,extraction,extraction dentaire,extraire;exodontie;en;exodontia;deepl;tag;2025-12-08 19:51:56
avulsion,arrachage dentaire,arracher,dedentement,enlever,exodontie,extraction,extraction dentaire,extraire;extraction;en;extraction;deepl;tag;2025-12-08 19:51:56
avulsion,arrachage dentaire,arracher,dedentement,enlever,exodontie,extraction,extraction dentaire,extraire;extraction dentaire;en;dental extraction;deepl;tag;2025-12-08 19:51:56
avulsion,arrachage dentaire,arracher,dedentement,enlever,exodontie,extraction,extraction dentaire,extraire;extraire;en;extract;deepl;tag;2025-12-08 19:51:56
avulsion,arrachage dentaire,arracher,dedentement,enlever,exodontie,extraction,extraction dentaire,extraire;immédiate;en;immediate;deepl;adjectif;2025-12-08 19:51:56
avulsion,arrachage dentaire,arracher,dedentement,enlever,exodontie,extraction,extraction dentaire,extraire;immédiat;en;immediate;deepl;adjectif;2025-12-08 19:51:56
avulsion,arrachage dentaire,arracher,dedentement,enlever,exodontie,extraction,extraction dentaire,extraire;différée;en;deferred;deepl;adjectif;2025-12-08 19:51:56
avulsion,arrachage dentaire,arracher,dedentement,enlever,exodontie,extraction,extraction dentaire,extraire;différé;en;deferred;deepl;adjectif;2025-12-08 19:51:56
avulsion,arrachage dentaire,arracher,dedentement,enlever,exodontie,extraction,extraction dentaire,extraire;programmée;en;programmed;deepl;adjectif;2025-12-08 19:51:56
avulsion,arrachage dentaire,arracher,dedentement,enlever,exodontie,extraction,extraction dentaire,extraire;programmé;en;programmed;deepl;adjectif;2025-12-08 19:51:56
avulsion,arrachage dentaire,arracher,dedentement,enlever,exodontie,extraction,extraction dentaire,extraire;avulsion;de;Abtreibung;deepl;tag;2025-12-08 19:51:56
avulsion,arrachage dentaire,arracher,dedentement,enlever,exodontie,extraction,extraction dentaire,extraire;arrachage dentaire;de;Zahnziehen;deepl;tag;2025-12-08 19:51:56
avulsion,arrachage dentaire,arracher,dedentement,enlever,exodontie,extraction,extraction dentaire,extraire;arracher;de;abreißen;deepl;tag;2025-12-08 19:51:56
avulsion,arrachage dentaire,arracher,dedentement,enlever,exodontie,extraction,extraction dentaire,extraire;dédentement;de;Verleihung;deepl;tag;2025-12-08 19:51:56
avulsion,arrachage dentaire,arracher,dedentement,enlever,exodontie,extraction,extraction dentaire,extraire;enlever;de;entfernen;deepl;tag;2025-12-08 19:51:56
avulsion,arrachage dentaire,arracher,dedentement,enlever,exodontie,extraction,extraction dentaire,extraire;exodontie;de;Exodontie;deepl;tag;2025-12-08 19:51:56
avulsion,arrachage dentaire,arracher,dedentement,enlever,exodontie,extraction,extraction dentaire,extraire;extraction;de;Extraktion;deepl;tag;2025-12-08 19:51:56
avulsion,arrachage dentaire,arracher,dedentement,enlever,exodontie,extraction,extraction dentaire,extraire;extraction dentaire;de;Zahnextraktion;deepl;tag;2025-12-08 19:51:56
avulsion,arrachage dentaire,arracher,dedentement,enlever,exodontie,extraction,extraction dentaire,extraire;extraire;de;extrahieren;deepl;tag;2025-12-08 19:51:56
avulsion,arrachage dentaire,arracher,dedentement,enlever,exodontie,extraction,extraction dentaire,extraire;immédiate;de;sofort;deepl;adjectif;2025-12-08 19:51:56
avulsion,arrachage dentaire,arracher,dedentement,enlever,exodontie,extraction,extraction dentaire,extraire;immédiat;de;sofort;deepl;adjectif;2025-12-08 19:51:56
avulsion,arrachage dentaire,arracher,dedentement,enlever,exodontie,extraction,extraction dentaire,extraire;différée;de;aufgeschoben;deepl;adjectif;2025-12-08 19:51:56
avulsion,arrachage dentaire,arracher,dedentement,enlever,exodontie,extraction,extraction dentaire,extraire;différé;de;aufgeschoben;deepl;adjectif;2025-12-08 19:51:56
avulsion,arrachage dentaire,arracher,dedentement,enlever,exodontie,extraction,extraction dentaire,extraire;programmée;de;programmiert;deepl;adjectif;2025-12-08 19:51:56
avulsion,arrachage dentaire,arracher,dedentement,enlever,exodontie,extraction,extraction dentaire,extraire;programmé;de;programmiert;deepl;adjectif;2025-12-08 19:51:56
avulsion,arrachage dentaire,arracher,dedentement,enlever,exodontie,extraction,extraction dentaire,extraire;avulsion;th;การฉีกขาด;deepl;tag;2025-12-08 19:51:56
avulsion,arrachage dentaire,arracher,dedentement,enlever,exodontie,extraction,extraction dentaire,extraire;arrachage dentaire;th;การถอนฟัน;deepl;tag;2025-12-08 19:51:56
avulsion,arrachage dentaire,arracher,dedentement,enlever,exodontie,extraction,extraction dentaire,extraire;arracher;th;ถอนรากถอนโคน;deepl;tag;2025-12-08 19:51:56
avulsion,arrachage dentaire,arracher,dedentement,enlever,exodontie,extraction,extraction dentaire,extraire;dédentement;th;การสูญเสียฟัน;deepl;tag;2025-12-08 19:51:56
avulsion,arrachage dentaire,arracher,dedentement,enlever,exodontie,extraction,extraction dentaire,extraire;enlever;th;ลบ;deepl;tag;2025-12-08 19:51:56
avulsion,arrachage dentaire,arracher,dedentement,enlever,exodontie,extraction,extraction dentaire,extraire;exodontie;th;การสกัด;deepl;tag;2025-12-08 19:51:56
avulsion,arrachage dentaire,arracher,dedentement,enlever,exodontie,extraction,extraction dentaire,extraire;extraction;th;การสกัด;deepl;tag;2025-12-08 19:51:56
avulsion,arrachage dentaire,arracher,dedentement,enlever,exodontie,extraction,extraction dentaire,extraire;extraction dentaire;th;การถอนฟัน;deepl;tag;2025-12-08 19:51:56
avulsion,arrachage dentaire,arracher,dedentement,enlever,exodontie,extraction,extraction dentaire,extraire;extraire;th;สกัด;deepl;tag;2025-12-08 19:51:56
avulsion,arrachage dentaire,arracher,dedentement,enlever,exodontie,extraction,extraction dentaire,extraire;immédiate;th;ทันที;deepl;adjectif;2025-12-08 19:51:56
avulsion,arrachage dentaire,arracher,dedentement,enlever,exodontie,extraction,extraction dentaire,extraire;immédiat;th;ทันที;deepl;adjectif;2025-12-08 19:51:56
avulsion,arrachage dentaire,arracher,dedentement,enlever,exodontie,extraction,extraction dentaire,extraire;différée;th;เลื่อนออกไป;deepl;adjectif;2025-12-08 19:51:56
avulsion,arrachage dentaire,arracher,dedentement,enlever,exodontie,extraction,extraction dentaire,extraire;différé;th;เลื่อนออกไป;deepl;adjectif;2025-12-08 19:51:56
avulsion,arrachage dentaire,arracher,dedentement,enlever,exodontie,extraction,extraction dentaire,extraire;programmée;th;กำหนดไว้แล้ว;deepl;adjectif;2025-12-08 19:51:56
avulsion,arrachage dentaire,arracher,dedentement,enlever,exodontie,extraction,extraction dentaire,extraire;programmé;th;กำหนดไว้แล้ว;deepl;adjectif;2025-12-08 19:51:56
